application,company,date_token,location,role,source_repo,status
https://jobs.ashbyhq.com/spacial/67b76194-6cc0-4d37-a3e3-c21a14ff4a26/application?embed=true&utm_source=Simplify&ref=Simplify,Spacial AI,0d,"Palo Alto, CA",Software Engineer Intern,SimplifyJobs/Summer2026-Internships,open
https://ats.rippling.com/denari/jobs/8aca4674-f7de-4afa-b031-41c77c533282?utm_source=Simplify&ref=Simplify,Denari,0d,"Madison, WI",Product & Software Internship,SimplifyJobs/Summer2026-Internships,open
,Google,0d,"Mountain View, CA +29",Software Engineering Intern - MS - Summer 2027,speedyapply/2026-SWE-College-Jobs,open
,Google,0d,"Mountain View, CA +29",Software Engineering Intern - BS - Summer 2027,speedyapply/2026-SWE-College-Jobs,open
https://job-boards.greenhouse.io/solidpower/jobs/6118972004?utm_source=Simplify&ref=Simplify,Solid Power,3d,"Thornton, CO",Product Development Intern,SimplifyJobs/Summer2026-Internships,open
https://interac.wd3.myworkdayjobs.com/Interac/job/Toronto/Product-Intern--Money-Movement_REQ-2240?utm_source=Simplify&ref=Simplify,Interac,3d,"Toronto, ON, Canada",Product Intern - Money Movement,SimplifyJobs/Summer2026-Internships,open
https://cat.wd5.myworkdayjobs.com/en-US/solarturbines/job/San-Diego-California/XMLNAME-2027--Gas-Turbine-Product-Engineering-Internship_R0000382293?utm_source=Simplify&ref=Simplify,Solar Turbines,5d,"San Diego, CA",Gas Turbine Products Engineering Intern,SimplifyJobs/Summer2026-Internships,open
https://cae.wd3.myworkdayjobs.com/career/job/Montreal-St-Laurent/C-IT-106---AI-Intern_122744?utm_source=Simplify&ref=Simplify,CAE,5d,"Montreal, QC, Canada",AI Intern,SimplifyJobs/Summer2026-Internships,open
https://careers-calamp.icims.com/jobs/4349/job?mobile=true&needsRedirect=false&utm_source=Simplify&ref=Simplify,CalAmp,6d,"Carlsbad, CA",Product Management Intern,SimplifyJobs/Summer2026-Internships,open
,Citadel,6d,"Houston, TX +2",Software Engineer - Intern - US,speedyapply/2026-SWE-College-Jobs,open
,Citadel Securities,6d,"Miami, FL +1",Software Engineer - Intern - US,speedyapply/2026-SWE-College-Jobs,open
,Five Rings,6d,"New York City, NY",Summer Intern 2027 - Software Developer,speedyapply/2026-SWE-College-Jobs,open
https://job-boards.greenhouse.io/drweng/jobs/7992936?utm_source=Simplify&ref=Simplify,DRW,7d,"Chicago, IL",Software Developer Intern,SimplifyJobs/Summer2026-Internships,open
https://job-boards.greenhouse.io/drweng/jobs/7668776?utm_source=Simplify&ref=Simplify,DRW,7d,"Chicago, IL",Quantitative Trading Analyst Intern,SimplifyJobs/Summer2026-Internships,open
https://job-boards.greenhouse.io/drweng/jobs/8038923?utm_source=Simplify&ref=Simplify,DRW,7d,"Chicago, IL",FPGA Intern,SimplifyJobs/Summer2026-Internships,open
,Akuna Capital,7d,"Chicago, IL",Software Engineer Intern - Python - Summer 2027,speedyapply/2026-SWE-College-Jobs,open
,Akuna Capital,7d,"Chicago, IL",Software Engineer Intern - C++ - Summer 2027,speedyapply/2026-SWE-College-Jobs,open
,Akuna Capital,7d,"Chicago, IL",Software Engineer Intern - Full Stack Web - Summer 2027,speedyapply/2026-SWE-College-Jobs,open
,Akuna Capital,7d,"Chicago, IL",Software Engineer Intern - C# .NET Desktop - Summer 2027,speedyapply/2026-SWE-College-Jobs,open
https://boards.greenhouse.io/worldsurfleague/jobs/8629100002?utm_source=Simplify&ref=Simplify,World Surf League,10d,"Inglewood, CA",Partnerships Analytics & Reporting Intern,SimplifyJobs/Summer2026-Internships,open
https://www.metacareers.com/jobs/2281218542616482?utm_source=Simplify&ref=Simplify,🔥 Meta,10d,"Menlo Park, CA",Research Scientist Intern - Monetization Computer Vision 🎓,SimplifyJobs/Summer2026-Internships,open
https://job-boards.greenhouse.io/later/jobs/8621762002?utm_source=Simplify&ref=Simplify,Later,11d,"Vancouver, BC, Canada",Software Development Co-op,SimplifyJobs/Summer2026-Internships,open
https://careers-cotiviti.icims.com/jobs/19531/job?mobile=true&needsRedirect=false&utm_source=Simplify&ref=Simplify,Cotiviti,11d,Remote in USA,AI Engineer Intern,SimplifyJobs/Summer2026-Internships,open
https://boards.greenhouse.io/embed/job_app?token=8002989&utm_source=Simplify&ref=Simplify,Jump Trading,12d,"Chicago, IL",Campus Software Engineer Intern,SimplifyJobs/Summer2026-Internships,open
https://boards.greenhouse.io/embed/job_app?token=8002998&utm_source=Simplify&ref=Simplify,Jump Trading,12d,"Chicago, IL",Campus Data Engineer Intern,SimplifyJobs/Summer2026-Internships,open
https://boards.greenhouse.io/embed/job_app?token=8003013&utm_source=Simplify&ref=Simplify,Jump Trading,12d,"Chicago, IL",FPGA Engineer Intern,SimplifyJobs/Summer2026-Internships,open
"<a href=""https://www.jumptrading.com/hr/job?gh_jid=8003019&utm_source=github-vansh-ouckah""><img src=""https://i.imgur.com/u1KNU8z.png"" width=""118"" alt=""Apply""></a>",Jump Trading Group,Jul 09,"Chicago, IL",Campus UI Software Engineer Intern,vanshb03/Summer2026-Internships,open
"<a href=""https://www.jumptrading.com/hr/job?gh_jid=8007788&utm_source=github-vansh-ouckah""><img src=""https://i.imgur.com/u1KNU8z.png"" width=""118"" alt=""Apply""></a>",Jump Trading,Jul 09,"Chicago, IL",Campus Systems Engineer Intern,vanshb03/Summer2026-Internships,open
"<a href=""https://www.jumptrading.com/hr/job?gh_jid=8002989&utm_source=github-vansh-ouckah""><img src=""https://i.imgur.com/u1KNU8z.png"" width=""118"" alt=""Apply""></a>",,Jul 09,"Chicago, IL",Software Engineer Intern,vanshb03/Summer2026-Internships,open
"<a href=""https://www.jumptrading.com/hr/job?gh_jid=7848371&utm_source=github-vansh-ouckah""><img src=""https://i.imgur.com/u1KNU8z.png"" width=""118"" alt=""Apply""></a>",,Jul 09,"Chicago, IL</br>New York, NY",Quantitative Trader Intern,vanshb03/Summer2026-Internships,open
,Jump Trading,12d,"Chicago, IL",Campus Software Engineer - Intern,speedyapply/2026-SWE-College-Jobs,open
,Jump Trading,12d,"Chicago, IL",Campus UI Software Engineer - Intern,speedyapply/2026-SWE-College-Jobs,open
https://www.equipmentshare.com/careers/openings/?gh_jid=7623013&utm_source=Simplify&ref=Simplify,EquipmentShare,13d,"Columbia, MO",Uptime Management Center Intern,SimplifyJobs/Summer2026-Internships,open
https://www.bluerivertechnology.com/job/?gh_jid=7947246&utm_source=Simplify&ref=Simplify,Blue River Technology,14d,"Santa Clara, CA",Machine Learning Intern - Autonomy,SimplifyJobs/Summer2026-Internships,open
"<a href=""https://tower-research.com/open-positions/?gh_jid=8044334&utm_source=github-vansh-ouckah""><img src=""https://i.imgur.com/u1KNU8z.png"" width=""118"" alt=""Apply""></a>",Tower Research,Jul 07,"Chicago, IL</br>New York, NY",Quantitative Developer Intern,vanshb03/Summer2026-Internships,open
"<a href=""https://careers.sig.com/intern-co-op-technology/jobs/10838?lang=en-us&utm_source=github-vansh-ouckah""><img src=""https://i.imgur.com/u1KNU8z.png"" width=""118"" alt=""Apply""></a>",Susquehanna Investment Group,Jul 07,"Bala Cynwyd, PA",Quantitative Strategy Developer Intern,vanshb03/Summer2026-Internships,open
"<a href=""https://www.optiver.com/join-us/jobs/technology/chicago/software-engineer-intern-summer-2027-chicago/?utm_source=github-vansh-ouckah""><img src=""https://i.imgur.com/u1KNU8z.png"" width=""118"" alt=""Apply""></a>",Optiver,Jul 07,"Chicago, IL",Software Engineer Intern,vanshb03/Summer2026-Internships,open
"<a href=""https://www.optiver.com/join-us/jobs/technology/austin/software-engineer-intern-summer-2027-austin/?utm_source=github-vansh-ouckah""><img src=""https://i.imgur.com/u1KNU8z.png"" width=""118"" alt=""Apply""></a>",,Jul 07,"Austin, TX",Software Engineer Intern,vanshb03/Summer2026-Internships,open
"<a href=""https://www.imc.com/us/careers/jobs/4823924101?utm_source=github-vansh-ouckah""><img src=""https://i.imgur.com/u1KNU8z.png"" width=""118"" alt=""Apply""></a>",IMC,Jul 07,"Chicago, IL",Software Engineer Intern,vanshb03/Summer2026-Internships,open
"<a href=""https://www.deshaw.com/careers/software-developer-intern-new-york-summer-2027-5894?utm_source=github-vansh-ouckah""><img src=""https://i.imgur.com/u1KNU8z.png"" width=""118"" alt=""Apply""></a>",DE Shaw,Jul 07,"New York, NY",Software Developer Intern,vanshb03/Summer2026-Internships,open
"<a href=""https://www.capitalonecareers.com/job/mclean/data-analyst-intern-summer-2027/31238/97421687472?utm_source=github-vansh-ouckah""><img src=""https://i.imgur.com/u1KNU8z.png"" width=""118"" alt=""Apply""></a>",Capital One,Jul 07,"Mclean, VA",Data Analyst Intern,vanshb03/Summer2026-Internships,open
"<a href=""https://capitalone.wd12.myworkdayjobs.com/Capital_One/job/McLean-VA/Product-Development-Internship-Program---Summer-2027_R246020-1?utm_source=github-vansh-ouckah""><img src=""https://i.imgur.com/u1KNU8z.png"" width=""118"" alt=""Apply""></a>",,Jul 07,"Mclean, VA</br>Plano, TX",Product Development Internship Program,vanshb03/Summer2026-Internships,open
"<a href=""https://job-boards.greenhouse.io/aquaticcapitalmanagement/jobs/8489233002?utm_source=github-vansh-ouckah""><img src=""https://i.imgur.com/u1KNU8z.png"" width=""118"" alt=""Apply""></a>",Aquatic,Jul 07,"Chicago, IL",Software Engineer Intern,vanshb03/Summer2026-Internships,open
,Jane Street,14d,"New York City, NY",Software Engineer Summer Internship,speedyapply/2026-SWE-College-Jobs,open
,Jane Street,14d,"New York City, NY",Software Engineer Winter Co-Op,speedyapply/2026-SWE-College-Jobs,open
,NVIDIA,15d,"St. Louis, MO",Performance Engineer Intern - Systems Software- Fall 2026,speedyapply/2026-SWE-College-Jobs,open
https://boeing.wd1.myworkdayjobs.com/INTERN/job/USA---Seattle-WA/Intern-to-Entry-Level-Conversion---Engineering--Summer-2026-Intern-Program-_JR2026516292?utm_source=Simplify&ref=Simplify,The Boeing Company,17d,"30 locationsGermantown, MDSeattle, WAHouston, TXNew Orleans, LALong Beach, CANewburgh, NYMesa, AZMiami, FLColorado Springs, COFairfax, VAPhiladelphia, PAMerritt Island, FLSeal Beach, CATukwila, WASt Charles, MOSan Antonio, TXSt. Louis, MOEverett, WAAuburn, WARidgecrest, CAHeath, OHFort Walton Beach, FLOklahoma City, OKKent, WAPortland, ORHuntsville, ALNorth Charleston, SCHuntington Beach, CAHazelwood, MOEl Segundo, CA",Intern to Entry Level Conversion Intern Program - Engineering,SimplifyJobs/Summer2026-Internships,open
https://mosscm.wd1.myworkdayjobs.com/moss_careers/job/FORT-LAUDERDALE-FL/Construction-Technologies-Internship_R-2710?utm_source=Simplify&ref=Simplify,Moss & Associates,17d,"McKinney, TXTampa, FLFort Lauderdale, FL",Construction Technologies Intern,SimplifyJobs/Summer2026-Internships,open
https://x.company/careers/8616839002?gh_jid=8616839002&utm_source=Simplify&ref=Simplify,X Development,18d,"Mountain View, CA",PhD Residency Intern - Physical ML & Hardware-in-the-Loop - Future of Compute 🎓,SimplifyJobs/Summer2026-Internships,open
https://lifeattiktok.com/search/7657640284071954741?utm_source=Simplify&ref=Simplify,🔥 TikTok,19d,"San Jose, CA",Product Solutions and Operations Project Intern - Commerce Ads,SimplifyJobs/Summer2026-Internships,open
https://valeo.wd3.myworkdayjobs.com/en-US/valeo_jobs/job/Troy-MI/Warranty-Engineering-Co-Op_REQ2026071365?utm_source=Simplify&ref=Simplify,Valeo,19d,"Troy, MI",Warranty Engineering Co-op,SimplifyJobs/Summer2026-Internships,open
https://psu.wd1.myworkdayjobs.com/PSU_Staff/job/Penn-State-University-Park/Research-and-Development-Engineer-Intern_REQ_0000072876-1?utm_source=Simplify&ref=Simplify,Pennsylvania State University,19d,"State College, PA",Research and Development Engineer Intern,SimplifyJobs/Summer2026-Internships,open
https://ejko.fa.us2.oraclecloud.com/hcmUI/CandidateExperience/en/sites/CX_3/job/14393?utm_source=Simplify&ref=Simplify,Blue Cross Blue Shield of Michigan,19d,"Detroit, MI",IT Intern,SimplifyJobs/Summer2026-Internships,open
https://jobs.smartrecruiters.com/TheWonderfulCompany/744000135343439?utm_source=Simplify&ref=Simplify,The Wonderful Company,19d,"Bakersfield, CA",Summer Internship Intern - Business Systems Analyst,SimplifyJobs/Summer2026-Internships,open
https://jobs.smartrecruiters.com/BoschGroup/744000134543799?utm_source=Simplify&ref=Simplify,Bosch Home Comfort,19d,"Sunnyvale, CA",Hardware Prototyping Intern - Data Center Rack 🎓,SimplifyJobs/Summer2026-Internships,open
,Optiver,19d,"Austin, TX",Software Engineer Intern - Summer 2027 - Austin,speedyapply/2026-SWE-College-Jobs,open
,Optiver,19d,"Chicago, IL",Software Engineer Intern - Summer 2027 - Chicago,speedyapply/2026-SWE-College-Jobs,open
https://www.tesla.com/careers/search/job/274760?utm_source=Simplify&ref=Simplify,🔥 Tesla,20d,"Palo Alto, CA",Vehicle Software Intern - Torque Path & Chassis Controls,SimplifyJobs/Summer2026-Internships,open
https://careers-sig.icims.com/jobs/11137/job?mobile=true&needsRedirect=false&utm_source=Simplify&ref=Simplify,Susquehanna International Group (SIG),20d,"Ardmore, PA",Financial Reporting AI Co-op,SimplifyJobs/Summer2026-Internships,open
https://www.tesla.com/careers/search/job/275494?utm_source=Simplify&ref=Simplify,🔥 Tesla,20d,"Palo Alto, CA",RL Engineer Intern - RL Engineer - Tesla AI,SimplifyJobs/Summer2026-Internships,open
https://www.bseglobal.net/job/?gh_jid=7637035003&gh_jid=7637035003&utm_source=Simplify&ref=Simplify,BSE Global,20d,"Brooklyn, NY",Ticket Strategy & Analytics Intern,SimplifyJobs/Summer2026-Internships,open
https://thyssenkruppmaterialsna.wd12.myworkdayjobs.com/1/job/Cleveland-Ohio-USA/Analytics-Intern_JR105406?utm_source=Simplify&ref=Simplify,thyssenkrupp,20d,"Cleveland, OH",Analytics Intern,SimplifyJobs/Summer2026-Internships,open
https://careers-sig.icims.com/jobs/11078/job?mobile=true&needsRedirect=false&utm_source=Simplify&ref=Simplify,Susquehanna International Group (SIG),20d,"Ardmore, PA",AI Co-op,SimplifyJobs/Summer2026-Internships,open
https://www.trulandequip.com/about-us/careers/?gh_jid=5174621007&utm_source=Simplify&ref=Simplify,Truland Equipment,20d,"Fort Wayne, IN",Power Platform Intern,SimplifyJobs/Summer2026-Internships,open
https://jobs.ashbyhq.com/remarcable-inc/38e76aaf-d0b3-40c7-8055-cb7e11ed26cd/application?utm_source=Simplify&ref=Simplify,Remarcable,21d,"Vancouver, BC, Canada",Full Stack Developer Co-op,SimplifyJobs/Summer2026-Internships,open
https://www.tesla.com/careers/search/job/272928?utm_source=Simplify&ref=Simplify,🔥 Tesla,21d,"Fremont, CA",Data Engineer Intern - Applications Engineering,SimplifyJobs/Summer2026-Internships,open
https://job-boards.greenhouse.io/torcrobotics/jobs/8597138002?utm_source=Simplify&ref=Simplify,Torc Robotics,21d,"Blacksburg, VAAnn Arbor, MIFort Worth, TX",System Triage Engineer Intern,SimplifyJobs/Summer2026-Internships,open
https://www.tesla.com/careers/search/job/275335?utm_source=Simplify&ref=Simplify,🔥 Tesla,21d,"Fremont, CA",Inline Metrology Systems Design/Engineer Intern - Cell Engineering,SimplifyJobs/Summer2026-Internships,open
https://equifax.wd5.myworkdayjobs.com/UR_External/job/USA---Georgia---Alpharetta---30005/Technology-Intern_J00170964?utm_source=Simplify&ref=Simplify,Equifax,24d,"Alpharetta, GA",Technology Intern,SimplifyJobs/Summer2026-Internships,open
https://jobs.ashbyhq.com/applied/5bb0567a-8d07-4cc4-be7c-c06b31361883/application?utm_source=Simplify&ref=Simplify,Applied Intuition,24d,"Sunnyvale, CA",Research Intern - Robotic Hardware - Simulation and Data 🎓,SimplifyJobs/Summer2026-Internships,open
https://jobs.ashbyhq.com/maxima/c0204f04-af26-4a57-9658-64ee6d4beb74/application?utm_source=Simplify&ref=Simplify,Maxima,25d,"San Mateo, CA",Software Engineer Intern,SimplifyJobs/Summer2026-Internships,open
https://job-boards.greenhouse.io/lilasciences/jobs/4287004009?utm_source=Simplify&ref=Simplify,Lila Sciences,25d,"Cambridge, MA",Automation Co-op,SimplifyJobs/Summer2026-Internships,open
https://job-boards.greenhouse.io/lilasciences/jobs/4289960009?utm_source=Simplify&ref=Simplify,Lila Sciences,25d,"Cambridge, MA",Next Gen Engineering Co-Op,SimplifyJobs/Summer2026-Internships,open
https://jobs.ashbyhq.com/binance.us/c23e9aa3-0daa-4170-a5a7-b03aaa031895/application?utm_source=Simplify&ref=Simplify,Binance,26d,Remote in USA,Software Engineer Intern,SimplifyJobs/Summer2026-Internships,open
https://jobs.lever.co/palantir/75cc1c09-8ebd-44c8-b3bc-d122cd1fecb3/apply?utm_source=Simplify&ref=Simplify,🔥 Palantir,26d,"Chicago, IL",Palantir Software Engineer Intern - Forward Deployed Software Engineer - Commercial,SimplifyJobs/Summer2026-Internships,open
https://careers-tatitlek.icims.com/jobs/2620/job?mobile=true&needsRedirect=false&utm_source=Simplify&ref=Simplify,The Tatitlek Corporation,26d,"Dahlgren, VA",Engineering Aide Intern,SimplifyJobs/Summer2026-Internships,open
https://nrel.wd5.myworkdayjobs.com/NLR/job/Golden-CO/Graduate--3-12-month--Intern---Artificial-Intelligence-for-Power-System-Operations_R14160?utm_source=Simplify&ref=Simplify,National Laboratory of the Rockies,26d,"Golden, CO",Graduate Intern,SimplifyJobs/Summer2026-Internships,open
https://jobs.lever.co/ifm-us/1a09231e-44f2-4c82-a7a1-793bd159d68d/apply?utm_source=Simplify&ref=Simplify,Institute of Foundation Models,26d,"Sunnyvale, CA",Inference Optimization Intern - Performance Modeling,SimplifyJobs/Summer2026-Internships,open
https://job-boards.greenhouse.io/later/jobs/8604889002?utm_source=Simplify&ref=Simplify,Later,27d,"Vancouver, BC, Canada",AI Automation Engineer Co-op,SimplifyJobs/Summer2026-Internships,open
https://jobsearch.harman.com/en_US/careers/JobDetail/Intern-Software-Engineering/31931?utm_source=Simplify&ref=Simplify,HARMAN,27d,"Sunnyvale, CA",Intern – Software Engineering 🛂,SimplifyJobs/Summer2026-Internships,open
https://vetsez.breezy.hr/p/a4010fdb3a7001-full-stack-developer-intern-remote-opportunity?utm_source=Simplify&ref=Simplify,VetsEZ,27d,Remote in US,Full Stack Developer Intern,SimplifyJobs/Summer2026-Internships,open
https://app.dover.com/apply/mindsmith/e0ca8149-6811-4de9-ba38-65a0244a2b7e?utm_source=Simplify&ref=Simplify,Mindsmith,27d,"Lehi, UT",Software Engineering Intern,SimplifyJobs/Summer2026-Internships,open
https://www.sandhills.com/careers-and-internships/details/careers/sandhills/1196/software-development-intern?utm_source=Simplify&ref=Simplify,Sandhills Global,27d,"Scottsdale, AZ",Software Development Intern,SimplifyJobs/Summer2026-Internships,open
https://job-boards.greenhouse.io/kensingtontours/jobs/5172007007?utm_source=Simplify&ref=Simplify,Kensington,27d,"Toronto, ON, Canada",Product Intern,SimplifyJobs/Summer2026-Internships,open
https://www.psiquantum.com/apply?gh_jid=7695577003&utm_source=Simplify&ref=Simplify,PsiQuantum,27d,"4 locationsPalo Alto, CABristol, UKRemote in USAWarrington, UK",System Architecture Intern,SimplifyJobs/Summer2026-Internships,open
https://gehc.wd5.myworkdayjobs.com/GEHC_ExternalSite/job/Remote/Field-Service-Apprentice---ON_R4042737-1?utm_source=Simplify&ref=Simplify,GE Healthcare,27d,"Mississauga, ON, Canada",Field Service Apprentice,SimplifyJobs/Summer2026-Internships,open
https://nxp.wd3.myworkdayjobs.com/en-US/careers/job/Kanata/Digital-Verification-Engineer-Intern_R-10064047?utm_source=Simplify&ref=Simplify,NXP Semiconductors,27d,"Kanata, Ottawa, ON, Canada",Digital Verification Engineer Intern,SimplifyJobs/Summer2026-Internships,open
https://jobs.ashbyhq.com/niural/d20af572-03b9-4f2a-8476-53c34203b2bc?utm_source=Simplify&ref=Simplify,Niural,28d,"New York City, NY",Product Design Intern 🛂,SimplifyJobs/Summer2026-Internships,open
https://jobs.gusto.com/postings/myemployment-llc-ai-product-engineer-intern-c08d7fd3-115e-46ad-a46f-6c4be1f77263?utm_source=Simplify&ref=Simplify,MyEmployment,28d,Remote in US,AI Product Engineer Intern,SimplifyJobs/Summer2026-Internships,open
https://jobs.ashbyhq.com/centerfield/916dcf42-d69a-4f00-875a-f8fe630e0f33/application?utm_source=Simplify&ref=Simplify,Centerfield,28d,LA,Data Science Intern,SimplifyJobs/Summer2026-Internships,open
https://cae.wd3.myworkdayjobs.com/career/job/Little-Rock/Configuration-and-Data-Management-Analyst-Co-Op_122365?utm_source=Simplify&ref=Simplify,CAE,28d,"Little Rock, AR",Configuration and Data Management Analyst Co-op,SimplifyJobs/Summer2026-Internships,open
https://cmu.wd5.myworkdayjobs.com/cmu/job/Pittsburgh-PA/Summer-Research-Intern---College-of-Engineering---Electrical-and-Computer-Engineering_2024690?utm_source=Simplify&ref=Simplify,Carnegie Mellon University,28d,"Pittsburgh, PA",Research Intern - College of Engineering - Electrical and Computer Engineering,SimplifyJobs/Summer2026-Internships,open
,TikTok,28d,"San Jose, CA",Frontend Software Engineer Project Intern - Global CRM - 2026 Start（BS/MS）,speedyapply/2026-SWE-College-Jobs,open
,Rivian,47d,"Irvine, CA +1",Software Engineering Intern - Connected Systems - Fall 2026,speedyapply/2026-SWE-College-Jobs,open
,Rivian,47d,"Irvine, CA +1",Software Engineering Intern - Applications - Fall 2026,speedyapply/2026-SWE-College-Jobs,open
,Rivian,47d,"Irvine, CA +1",Software Engineering Intern - Vehicle Controls - Fall 2026,speedyapply/2026-SWE-College-Jobs,open
,Rivian,48d,"Palo Alto, CA +1",Software Engineering Intern - Embedded Platforms - Fall 2026,speedyapply/2026-SWE-College-Jobs,open
,NVIDIA,49d,"Santa Clara, CA",DGX Cloud Kubernetes Runtime Intern - Fall 2026,speedyapply/2026-SWE-College-Jobs,open
"<a href=""https://voloridge-investment-management.hiringthing.com/job/1013126/quantitative-developer-intern-2027?s=lif&jr_id=69eaa8e4dc35f7132c4ab803&utm_source=github-vansh-ouckah""><img src=""https://i.imgur.com/u1KNU8z.png"" width=""118"" alt=""Apply""></a>",Voloridge Investment Management,May 22,"Jupiter, FL",Quantitative Developer Intern,vanshb03/Summer2026-Internships,open
"<a href=""https://careers.sig.com/jobs/10837?lang=en-us&mode=apply&iis=LinkedIn&jr_id=69f3d11158b23a2329da8088&utm_source=github-vansh-ouckah""><img src=""https://i.imgur.com/u1KNU8z.png"" width=""118"" alt=""Apply""></a>",Susquehanna,May 22,"Bala Cynwyd, PA",Trading System Engineering Intern,vanshb03/Summer2026-Internships,open
"<a href=""https://www.stokespace.com/careers/current-openings/?gh_jid=5987663004&jr_id=69fae0acd21cf86d1e3cd79c&utm_source=github-vansh-ouckah""><img src=""https://i.imgur.com/u1KNU8z.png"" width=""118"" alt=""Apply""></a>",Stoke Space,May 22,"Kent, WA",Software Engineer Intern,vanshb03/Summer2026-Internships,open
"<a href=""https://liveramp.wd5.myworkdayjobs.com/LiveRampCareers/job/New-York/Intern--Software-Engineer---Pixel-Serving_JR012201?utm_source=github-vansh-ouckah""><img src=""https://i.imgur.com/u1KNU8z.png"" width=""118"" alt=""Apply""></a>",LiveRamp,May 22,"New York, NY","Software Engineer Intern, Pixel Serving",vanshb03/Summer2026-Internships,open
"<a href=""https://leidos.wd5.myworkdayjobs.com/External/job/Chantilly-VA/Software-Engineer-Intern_R-00183707?utm_source=github-vansh-ouckah""><img src=""https://i.imgur.com/u1KNU8z.png"" width=""118"" alt=""Apply""></a>",Kudu Dynamics,May 22,"Chantilly, VA",Software Engineer Intern,vanshb03/Summer2026-Internships,open
"<a href=""https://leidos.wd5.myworkdayjobs.com/External/job/Chantilly-VA/Software-Engineer-Intern_R-00183721?utm_source=github-vansh-ouckah""><img src=""https://i.imgur.com/u1KNU8z.png"" width=""118"" alt=""Apply""></a>",,May 22,"Chantilly, VA",Software Engineer Intern,vanshb03/Summer2026-Internships,open
"<a href=""https://leidos.wd5.myworkdayjobs.com/External/job/Chantilly-VA/Software-Engineer-Intern_R-00183714?utm_source=github-vansh-ouckah""><img src=""https://i.imgur.com/u1KNU8z.png"" width=""118"" alt=""Apply""></a>",,May 22,"Chantilly, VA",Software Engineer Intern,vanshb03/Summer2026-Internships,open
"<a href=""https://jobs.ashbyhq.com/Etched/aa17bfa2-2922-4aa7-820d-76064f2551a8?utm_source=github-vansh-ouckah""><img src=""https://i.imgur.com/u1KNU8z.png"" width=""118"" alt=""Apply""></a>",Etched,May 22,"San Jose, CA","Inference Intern, Architecture",vanshb03/Summer2026-Internships,open
"<a href=""https://jobs.ashbyhq.com/Etched/8134a9bf-9624-48dd-98be-0bf1c3cb1f55?utm_source=github-vansh-ouckah""><img src=""https://i.imgur.com/u1KNU8z.png"" width=""118"" alt=""Apply""></a>",,May 22,"San Jose, CA",Firmware Intern,vanshb03/Summer2026-Internships,open
"<a href=""https://jobs.ashbyhq.com/Etched/80926a71-0a62-4bf8-a877-b6d96df279b7?utm_source=github-vansh-ouckah""><img src=""https://i.imgur.com/u1KNU8z.png"" width=""118"" alt=""Apply""></a>",,May 22,"San Jose, CA",Infrastructure Intern,vanshb03/Summer2026-Internships,open
"<a href=""https://jobs.ashbyhq.com/Etched/2d7039e2-190e-4039-b5a9-fff9efa7cc8e?utm_source=github-vansh-ouckah""><img src=""https://i.imgur.com/u1KNU8z.png"" width=""118"" alt=""Apply""></a>",,May 22,"San Jose, CA",Supercomputing Intern,vanshb03/Summer2026-Internships,open
"<a href=""https://job-boards.greenhouse.io/embed/job_app?for=point72&jr_id=6a07069024dcb03739f1ec72&token=7297613002&utm_source=github-vansh-ouckah""><img src=""https://i.imgur.com/u1KNU8z.png"" width=""118"" alt=""Apply""></a>",Cubist Systematic Strategies,May 22,"New York, NY",Quantitative Developer Intern,vanshb03/Summer2026-Internships,open
"<a href=""https://job-boards.greenhouse.io/embed/job_app?for=aquaticcapitalmanagement&jr_id=6a06fd77152f493123c4b595&token=8489233002&utm_source=github-vansh-ouckah""><img src=""https://i.imgur.com/u1KNU8z.png"" width=""118"" alt=""Apply""></a>",Aquatic Capital,May 22,"Chicago, IL",Software Engineer Intern,vanshb03/Summer2026-Internships,open
"<a href=""https://jobs.apple.com/en-us/details/200664785/software-undergrad-engineering-internships?utm_source=github-vansh-ouckah""><img src=""https://i.imgur.com/u1KNU8z.png"" width=""118"" alt=""Apply""></a>",Apple,May 22,United States,"Software Engineer Intern, Undergrad",vanshb03/Summer2026-Internships,open
"<a href=""https://jobs.apple.com/en-us/details/200664320/software-engineering-masters-internships?utm_source=github-vansh-ouckah""><img src=""https://i.imgur.com/u1KNU8z.png"" width=""118"" alt=""Apply""></a>",,May 22,United States,"Software Engineering Intern, Masters",vanshb03/Summer2026-Internships,open
,Apple,60d,USA,Software Engineering Masters Internships,speedyapply/2026-SWE-College-Jobs,open
,Apple,60d,USA,Software Undergrad Engineering Internships,speedyapply/2026-SWE-College-Jobs,open
"<a href=""https://www.workatastartup.com/jobs/95003?utm_source=github-vansh-ouckah""><img src=""https://i.imgur.com/u1KNU8z.png"" width=""118"" alt=""Apply""></a>",StarSling,May 19,"San Mateo, CA",Software Engineer Intern 🇺🇸,vanshb03/Summer2026-Internships,open
"<a href=""https://job-boards.greenhouse.io/podium81/jobs/7939921?utm_source=github-vansh-ouckah""><img src=""https://i.imgur.com/u1KNU8z.png"" width=""118"" alt=""Apply""></a>",Podium,May 19,"Lehi, UT",Software Engineering Intern,vanshb03/Summer2026-Internships,open
"<a href=""https://www.workatastartup.com/jobs/94993?utm_source=github-vansh-ouckah""><img src=""https://i.imgur.com/u1KNU8z.png"" width=""118"" alt=""Apply""></a>",Nash,May 19,"San Francisco, CA",Full Stack Engineering Intern 🇺🇸,vanshb03/Summer2026-Internships,open
"<a href=""https://www.workatastartup.com/jobs/94620?utm_source=github-vansh-ouckah""><img src=""https://i.imgur.com/u1KNU8z.png"" width=""118"" alt=""Apply""></a>",Trata,May 14,"San Francisco, CA</br>New York, NY",Research Scientist Intern 🇺🇸,vanshb03/Summer2026-Internships,open
"<a href=""https://www.workatastartup.com/jobs/94631?utm_source=github-vansh-ouckah""><img src=""https://i.imgur.com/u1KNU8z.png"" width=""118"" alt=""Apply""></a>",Terranox AI,May 14,"San Francisco, CA",Summer Intern - AI/ML Engineering 🇺🇸,vanshb03/Summer2026-Internships,open
"<a href=""https://www.workatastartup.com/jobs/94634?utm_source=github-vansh-ouckah""><img src=""https://i.imgur.com/u1KNU8z.png"" width=""118"" alt=""Apply""></a>",Abundant,May 14,"San Francisco, CA","Software Engineering Intern, Research Focused 🇺🇸",vanshb03/Summer2026-Internships,open
🔒,Granite Construction,May 14,"Nampa, ID",Summer 2026 Engineer Intern,vanshb03/Summer2026-Internships,open
"<a href=""https://emit.fa.ca3.oraclecloud.com/hcmUI/CandidateExperience/en/sites/CX_2001/job/86808?utm_source=github-vansh-ouckah""><img src=""https://i.imgur.com/u1KNU8z.png"" width=""118"" alt=""Apply""></a>",WSP,May 12,"Dallas, TX",Software Developer Intern,vanshb03/Summer2026-Internships,open
🔒,Zoox,May 12,"Foster City, CA",Platform Intelligence Intern,vanshb03/Summer2026-Internships,open
🔒,Apptronik,May 12,"Austin, TX","Software Engineer Intern, ML Ops",vanshb03/Summer2026-Internships,open
"<a href=""https://job-boards.eu.greenhouse.io/veeamsoftware/jobs/4857828101?utm_source=github-vansh-ouckah""><img src=""https://i.imgur.com/u1KNU8z.png"" width=""118"" alt=""Apply""></a>",Veeam Software,May 09,"San Jose, CA","Software Engineering Intern, Policy Engineering",vanshb03/Summer2026-Internships,open
"<a href=""https://job-boards.eu.greenhouse.io/veeamsoftware/jobs/4857832101?utm_source=github-vansh-ouckah""><img src=""https://i.imgur.com/u1KNU8z.png"" width=""118"" alt=""Apply""></a>",,May 09,"San Jose, CA","Software Engineering Intern, Platform, Security & AI",vanshb03/Summer2026-Internships,open
"<a href=""https://www.workatastartup.com/jobs/93642?utm_source=github-vansh-ouckah""><img src=""https://i.imgur.com/u1KNU8z.png"" width=""118"" alt=""Apply""></a>",Paragon,May 09,"San Francisco, CA",Forward Deployed Engineer (FDE) Intern 🇺🇸,vanshb03/Summer2026-Internships,open
"<a href=""https://www.workatastartup.com/jobs/94206?utm_source=github-vansh-ouckah""><img src=""https://i.imgur.com/u1KNU8z.png"" width=""118"" alt=""Apply""></a>",General Astronautics,May 09,"San Francisco, CA",Engineering Intern 🇺🇸,vanshb03/Summer2026-Internships,open
"<a href=""https://www.workatastartup.com/jobs/94211?utm_source=github-vansh-ouckah""><img src=""https://i.imgur.com/u1KNU8z.png"" width=""118"" alt=""Apply""></a>",DimeHealth AI,May 09,"New York, NY",Forward Deployed Engineering Intern,vanshb03/Summer2026-Internships,open
"<a href=""https://www.workatastartup.com/jobs/94400?utm_source=github-vansh-ouckah""><img src=""https://i.imgur.com/u1KNU8z.png"" width=""118"" alt=""Apply""></a>",Dedalus Labs,May 09,"San Francisco, CA",Forward Deployed Engineer Intern 🇺🇸,vanshb03/Summer2026-Internships,open
🔒,Amazon,May 09,"Sunnyvale, CA</br>Redmond, WA</br>Northridge, CA","Software Development Engineer Intern, Amazon Leo 🇺🇸",vanshb03/Summer2026-Internships,open
,TikTok,75d,"San Jose, CA",Software Engineer Intern - Quality and Efficiency Technology - 2026 Summer - BS/MS,speedyapply/2026-SWE-College-Jobs,open
🔒,Fiserv,Apr 29,"Alpharetta, GA",Application Development Intern 🛂,vanshb03/Summer2026-Internships,open
🔒,,Apr 29,"Alpharetta, GA",Data Engineer Intern,vanshb03/Summer2026-Internships,open
,D. E. Shaw & Co.,83d,"New York City, NY",Software Developer Intern - New York - Summer 2027,speedyapply/2026-SWE-College-Jobs,open
"<a href=""https://jobs.ashbyhq.com/homebase/a7ab59c0-786e-4675-b684-2ed19b240fb2?utm_source=github-vansh-ouckah""><img src=""https://i.imgur.com/u1KNU8z.png"" width=""118"" alt=""Apply""></a>",Homebase,Apr 28,"Houston, TX</br>San Francisco, CA","Forward Deployed Engineering Intern, AI-Native",vanshb03/Summer2026-Internships,open
🔒,KBR,Apr 28,"Beavercreek Township, OH",Reverse Engineer Intern 🇺🇸,vanshb03/Summer2026-Internships,open
🔒,Horace Mann,Apr 28,"Springfield, IL",Software Engineer Intern,vanshb03/Summer2026-Internships,open
🔒,,Apr 28,"Springfield, IL",Cybersecurity SOC Analyst Intern,vanshb03/Summer2026-Internships,open
🔒,AssetMark,Apr 28,"Charlotte, NC",QA Engineering Intern 🛂,vanshb03/Summer2026-Internships,open
"<a href=""https://lifeattiktok.com/search/7631599293708126517?utm_source=github-vansh-ouckah""><img src=""https://i.imgur.com/u1KNU8z.png"" width=""118"" alt=""Apply""></a>",TikTok,Apr 24,"San Jose, CA","LLM Post-training Engineer Intern, Research & Product",vanshb03/Summer2026-Internships,open
"<a href=""https://apply.workable.com/al-warren-oil-company-inc/j/A4487B349D/?utm_source=github-vansh-ouckah""><img src=""https://i.imgur.com/u1KNU8z.png"" width=""118"" alt=""Apply""></a>",Al Warren Oil Company,Apr 24,"Bensenville, IL",Software Developer Intern,vanshb03/Summer2026-Internships,open
🔒,Twilio,Apr 24,Remote</br>United States,Software Engineer Intern,vanshb03/Summer2026-Internships,open
🔒,Trimble,Apr 24,"Richmond Hill, Canada","Software Engineer Intern, Firmware",vanshb03/Summer2026-Internships,open
🔒,Thales,Apr 24,"Cincinnati, OH",Software Engineer Intern,vanshb03/Summer2026-Internships,open
🔒,KBR,Apr 24,"Columbia, MD",Software Engineering Intern 🇺🇸,vanshb03/Summer2026-Internships,open
🔒,Cadence,Apr 24,"San Jose, CA","Software Engineer Intern, Circuit Simulation Infrastructure",vanshb03/Summer2026-Internships,open
🔒,,Apr 24,"San Jose, CA",Software Engineering Intern,vanshb03/Summer2026-Internships,open
🔒,AssetMark,Apr 24,"Austin, TX",Software Engineering Intern 🛂,vanshb03/Summer2026-Internships,open
"<a href=""https://career41.sapsf.com/career?career_ns=job_listing&company=hcollp&career_job_req_id=3507&utm_source=github-vansh-ouckah""><img src=""https://i.imgur.com/u1KNU8z.png"" width=""118"" alt=""Apply""></a>",H&CO,Apr 22,"Coral Gables, FL",Software Development Intern,vanshb03/Summer2026-Internships,open
🔒,SK Hynix Memory Solution,Apr 22,"San Jose, CA",Product Application Engineer Intern,vanshb03/Summer2026-Internships,open
,Amazon,90d,"Seattle, WA",Software Development Engineer Intern - AWS Data Services - Fall 2026 - US,speedyapply/2026-SWE-College-Jobs,open
"<a href=""https://tetramem.hrmdirect.com/employment/job-opening.php?req=3491042#job&utm_source=github-vansh-ouckah""><img src=""https://i.imgur.com/u1KNU8z.png"" width=""118"" alt=""Apply""></a>",TETRAMEM,Apr 20,"San Jose, CA","Software Engineer Intern, Embedded",vanshb03/Summer2026-Internships,open
"<a href=""https://careers.skyworksinc.com/job/Irvine-Analog-IC-Design-SummerFall-Co-Op-(June-&apos;26-Dec-&apos;26)-CA-92602/76295-en_US/?feedId=177100&utm_source=github-vansh-ouckah""><img src=""https://i.imgur.com/u1KNU8z.png"" width=""118"" alt=""Apply""></a>",Skyworks,Apr 20,"Irvine, CA",Analog IC Design Co-op,vanshb03/Summer2026-Internships,open
"<a href=""https://jobs.ashbyhq.com/poshmark/062b84e6-1633-43ae-870b-83cb62893caa?utm_source=github-vansh-ouckah""><img src=""https://i.imgur.com/u1KNU8z.png"" width=""118"" alt=""Apply""></a>",Poshmark,Apr 20,"Redwood City, CA","Cloud Platform Engineer Intern, Growth 🛂",vanshb03/Summer2026-Internships,open
"<a href=""https://careers.ice.com/jobs/12830?lang=en-us&iis=LinkedIn&iisn=Linkedin&mode=apply&jr_id=69e67bb27820c036924d0af9&utm_source=github-vansh-ouckah""><img src=""https://i.imgur.com/u1KNU8z.png"" width=""118"" alt=""Apply""></a>","Intercontinental Exchange, Inc.",Apr 20,"New York, NY","Artificial Intelligence, Data & Machine Learning Intern",vanshb03/Summer2026-Internships,open
"<a href=""https://careers.fiserv.com/us/en/job/FFFYJUSR10390264EXTERNALENUS/Application-Development-Summer-Intern?jr_id=69e6ab177820c036924d1dc6&utm_source=github-vansh-ouckah""><img src=""https://i.imgur.com/u1KNU8z.png"" width=""118"" alt=""Apply""></a>",Fiserv,Apr 20,"Alpharetta, GA",Application Development Intern 🛂,vanshb03/Summer2026-Internships,open
"<a href=""https://careers.fiserv.com/us/en/job/FFFYJUSR10390344EXTERNALENUS/Technology-Summer-Intern?jr_id=69e6ab5e3aa0c4796439589b&utm_source=github-vansh-ouckah""><img src=""https://i.imgur.com/u1KNU8z.png"" width=""118"" alt=""Apply""></a>",,Apr 20,"Columbus, OH",Technology Intern 🛂,vanshb03/Summer2026-Internships,open
"<a href=""https://accenture.wd103.myworkdayjobs.com/en-GB/AvanadeCareers/job/Los-Angeles-6181-W-Centinela-Ave-Corp/Intern--Software-Engineering---June-2026_R00319370?jr_id=69e6a556f8fa2f3ec32a3173&utm_source=github-vansh-ouckah""><img src=""https://i.imgur.com/u1KNU8z.png"" width=""118"" alt=""Apply""></a>",Avanade,Apr 20,"Los Angeles, CA</br>Seattle, WA",Software Engineering Intern,vanshb03/Summer2026-Internships,open
"<a href=""https://jobs.disneycareers.com/job/new-york/abc-news-product-management-and-engineering-intern-summer-fall-2026/391/93958488896?utm_source=github-vansh-ouckah""><img src=""https://i.imgur.com/u1KNU8z.png"" width=""118"" alt=""Apply""></a>",ABC News,Apr 20,"New York, NY",Product Management and Engineering Intern,vanshb03/Summer2026-Internships,open
🔒,"General Dynamics Mission Systems, Inc.",Apr 20,"Pittsburgh, PA",Software Engineer Intern 🇺🇸,vanshb03/Summer2026-Internships,open
🔒,,Apr 20,"Pittsburgh, PA",Software Engineer Intern 🇺🇸,vanshb03/Summer2026-Internships,open
"<a href=""https://careers.point72.com/CSJobDetail?jobName=summer-2027-quantitative-researcher-internship&jobCode=CSS-0012295&utm_source=github-vansh-ouckah""><img src=""https://i.imgur.com/u1KNU8z.png"" width=""118"" alt=""Apply""></a>",,Apr 19,"New York, NY",Quantitative Researcher Intern,vanshb03/Summer2026-Internships,open
"<a href=""https://careers.point72.com/CSJobDetail?jobName=summer-2027-quantitative-developer-internship&jobCode=CSS-0012293&utm_source=github-vansh-ouckah""><img src=""https://i.imgur.com/u1KNU8z.png"" width=""118"" alt=""Apply""></a>",,Apr 19,"New York, NY",Quantitative Developer Intern,vanshb03/Summer2026-Internships,open
🔒,Northspyre,Apr 19,"Atlanta, GA",AI Engineer Intern,vanshb03/Summer2026-Internships,open
🔒,ABC Fitness,Apr 19,"Frisco, TX",Software Engineer Intern 🛂,vanshb03/Summer2026-Internships,open
,TikTok,95d,"San Jose, CA",Software Engineer Project Intern - Recommendation Infrastructure - TikTok Video Social - 2026 Start - BS/MS,speedyapply/2026-SWE-College-Jobs,open
,TikTok,109d,"San Jose, CA",Software Engineer Project Intern - Model Infrastructure - 2026 Start - BS/MS,speedyapply/2026-SWE-College-Jobs,open
40,↳,03/27/2025,"New York, NY",Data Science Intern,arunike/Summer-2025-Internship-List,Open✅
19 - 65,↳,03/27/2025,"Santa Clara, CA","Software Engineer Intern, Machine Learning Infrastructure & Data",arunike/Summer-2025-Internship-List,Open✅
19 - 65,↳,03/27/2025,"Santa Clara, CA","Software Engineer Intern, ML Simulation",arunike/Summer-2025-Internship-List,Open✅
19 - 65,↳,03/27/2025,"Santa Clara, CA","Research Engineer Intern, Perception, Multi-Modal Occupancy Map Generation and Forecasting",arunike/Summer-2025-Internship-List,Open✅
19 - 65,↳,03/27/2025,"Santa Clara, CA","Software Engineer Intern, C++ Runtime Platform",arunike/Summer-2025-Internship-List,Open✅
19 - 65,↳,03/27/2025,"Fremont, CA","Software Engineer Intern- Runtime, Compute Platform",arunike/Summer-2025-Internship-List,Open✅
19 - 65,↳,03/27/2025,"Santa Clara, CA","Software Engineer Intern, Runtime (Robotics)",arunike/Summer-2025-Internship-List,Open✅
19 - 65,↳,03/27/2025,"Santa Clara, CA","Systems Engineer Intern, Automotive/Robotics",arunike/Summer-2025-Internship-List,Open✅
19 - 65,↳,03/27/2025,"Santa Clara, CA","Software Engineer Intern, Simulation",arunike/Summer-2025-Internship-List,Open✅
19 - 65,↳,03/27/2025,"Santa Clara, CA","Software Engineer Intern, Mapping & Localization",arunike/Summer-2025-Internship-List,Open✅
19 - 65,↳,03/18/2025,"Santa Clara, CA",Software Engineer Intern - Data,arunike/Summer-2025-Internship-List,Open✅
19 - 65,↳,03/18/2025,"Santa Clara, CA","Software Engineer Intern, Controls",arunike/Summer-2025-Internship-List,Open✅
19 - 65,↳,03/18/2025,"Santa Clara, CA","Research Engineer Intern, Perception, E2E Autonomous Driving",arunike/Summer-2025-Internship-List,Open✅
19 - 65,↳,03/18/2025,"Santa Clara, CA","Research Engineer Intern, Perception, Vision Language Models",arunike/Summer-2025-Internship-List,Open✅
45 - 61,Adobe,03/18/2025,"Seattle, WA","Machine Learning Engineer Intern, AI/ML",arunike/Summer-2025-Internship-List,Open✅
45 - 61,↳,03/18/2025,"Seattle, WA","Applied Research Scientist Intern, AI/ML",arunike/Summer-2025-Internship-List,Open✅
45 - 61,↳,03/18/2025,"San Jose, CA","Applied Research Scientist Intern, AI/ML",arunike/Summer-2025-Internship-List,Open✅
36.45,PJT Partners,03/12/2025,"New York, NY",Technology Summer Analyst,arunike/Summer-2025-Internship-List,Open✅
43.75 - 62.89,↳,03/10/2025,"Sunnyvale, CA",Network Security Intern,arunike/Summer-2025-Internship-List,Open✅
57.28 - 62.5,Kodiak Robotics,03/10/2025,"Mountain View, CA",Artificial Intelligence/Machine Learning Intern,arunike/Summer-2025-Internship-List,Open✅
57.28 - 62.5,↳,03/10/2025,"Mountain View, CA",Perception Intern,arunike/Summer-2025-Internship-List,Open✅
20 - 30,↳,03/09/2025,"Pal Alto, CA",Applied Machine Learning Intern,arunike/Summer-2025-Internship-List,Open✅
32 - 40,↳,02/27/2025,"Ann Arbor, MI","Algorithm Engineering Intern, Image Processing",arunike/Summer-2025-Internship-List,Open✅
40 - 50,↳,02/27/2025,"Ann Arbor, MI",AI Scientist Intern,arunike/Summer-2025-Internship-List,Open✅
40 - 43,↳,02/26/2025,"New York, NY",Machine Learning Software Engineering Intern,arunike/Summer-2025-Internship-List,Open✅
38 - 43,↳,01/31/2025,"Los Angeles, CA","Data Science Intern, Paramount Pictures",arunike/Summer-2025-Internship-List,Open✅
22 - 40,↳,01/30/2025,"Waltham, MA","Software Test Automation Engineer Intern, ENOVIA",arunike/Summer-2025-Internship-List,Open✅
32 - 46,↳,01/30/2025,"El Segundo, CA",Small Satellite Embedded Software Intern - Graduate,arunike/Summer-2025-Internship-List,Open🇺🇸
32 - 46,↳,01/30/2025,"El Segundo, CA",Small Satellite Software Intern - Graduate,arunike/Summer-2025-Internship-List,Open🇺🇸
32 - 35,↳,01/30/2025,"El Segundo, CA",Data Science AI/M Intern - Graduate,arunike/Summer-2025-Internship-List,Open🇺🇸
125 - 156.25,↳,01/28/2025,"New York, NY",Quantitative Researcher Intern,arunike/Summer-2025-Internship-List,Open✅
28 - 62,Samsung Semiconductor,01/23/2025,"San Jose, CA","Machine Learning Engineer Intern, VLMs",arunike/Summer-2025-Internship-List,Open✅
28 - 62,↳,01/23/2025,"San Jose, CA",Machine Learning Engineer Intern,arunike/Summer-2025-Internship-List,Open✅
28 - 62,↳,01/23/2025,"San Jose, CA",AI Device Research Scientist Intern,arunike/Summer-2025-Internship-List,Open✅
28 - 62,↳,01/23/2025,"San Jose, CA",AI/ML Software Engineer Intern,arunike/Summer-2025-Internship-List,Open✅
28 - 62,↳,01/23/2025,"San Jose, CA",CXL Deep Memory Research Scientist Intern,arunike/Summer-2025-Internship-List,Open✅
28 - 62,↳,01/23/2025,"San Jose, CA",Data Parallel Programming Research Scientist Intern,arunike/Summer-2025-Internship-List,Open✅
28 - 62,↳,01/23/2025,"San Jose, CA",Machine Learning Research Scientist Intern,arunike/Summer-2025-Internship-List,Open✅
28 - 62,↳,01/23/2025,"San Jose, CA",Memory Solutions Research Engineer Intern,arunike/Summer-2025-Internship-List,Open✅
28 - 62,↳,01/23/2025,"San Jose, CA",Storage Systems Research Scientist Intern,arunike/Summer-2025-Internship-List,Open✅
47,↳,01/15/2025,"Sunnyvale, CA","Engineering Intern, CloudSecure",arunike/Summer-2025-Internship-List,Open✅
44 - 55,↳,01/14/2025,"Plano, TX",Computational Imaging Intern,arunike/Summer-2025-Internship-List,Open✅
35 - 45,↳,01/07/2025,"San Diego, CA",Mobile Application Engineering II Intern,arunike/Summer-2025-Internship-List,Open✅
35 - 45,↳,01/07/2025,"San Diego, CA",Mobile Developer Engineering II Intern,arunike/Summer-2025-Internship-List,Open✅
35,Tempus,01/07/2025,"Chicago, IL",Machine Learning Summer Associate,arunike/Summer-2025-Internship-List,Open✅
[TD Bank](https://td.wd3.myworkdayjobs.com/TD_Bank_Careers/job/Toronto-Ontario/Software-Developer-Intern-Co-op--Summer-2025-_R_1386743?source=Linkedin),[TD Bank](https://td.wd3.myworkdayjobs.com/TD_Bank_Careers/job/Toronto-Ontario/Software-Developer-Intern-Co-op--Summer-2025-_R_1386743?source=Linkedin),"January 6, 2025","Toronto, Ontario, Canada (Hybrid)","Software Developer Intern/Co-op - Summer 2025 ($46,000/yr)",Dannny-Babs/Canadian-Tech-Internships-2025,Open ✅
[BMO](https://bmo.wd3.myworkdayjobs.com/en-US/External/job/Toronto-ON-CAN/Software-Developer--Summer-2025--Co-op-Internship----4-Months_R240026799-1?source=Social_Linkedin),[BMO](https://bmo.wd3.myworkdayjobs.com/en-US/External/job/Toronto-ON-CAN/Software-Developer--Summer-2025--Co-op-Internship----4-Months_R240026799-1?source=Social_Linkedin),"January 6, 2025","Toronto, ON, Canada","Software Developer, Summer 2025 (Co-op/Internship) - 4 Months",Dannny-Babs/Canadian-Tech-Internships-2025,Open ✅
[Twilio](https://job-boards.greenhouse.io/twilio/jobs/6330373),[Twilio](https://job-boards.greenhouse.io/twilio/jobs/6330373),"January 2, 2025","Remote (BC, ON, AB), Canada",Software Engineer Intern - Canada,Dannny-Babs/Canadian-Tech-Internships-2025,Open ✅
58 - 65,↳,12/22/2024,"Palo Alto, CA",Salesforce AI Research Intern,arunike/Summer-2025-Internship-List,Open✅
[Warner Bros. Discovery](https://careers.wbd.com/global/en/job/WAMEGLOBALR000085057EXTERNALENGLOBAL/Software-Developer-Coop?utm_source=linkedin&utm_medium=phenom-feeds),[Warner Bros. Discovery](https://careers.wbd.com/global/en/job/WAMEGLOBALR000085057EXTERNALENGLOBAL/Software-Developer-Coop?utm_source=linkedin&utm_medium=phenom-feeds),"December 17, 2024","Kanata, ON, Canada",Software Developer Coop- 12/16 months,Dannny-Babs/Canadian-Tech-Internships-2025,Open ✅
[Onsemi](https://hctz.fa.us2.oraclecloud.com/hcmUI/CandidateExperience/en/sites/CX_1001/job/2502585?utm_medium=jobshare&src=JB-BB-10101),[Onsemi](https://hctz.fa.us2.oraclecloud.com/hcmUI/CandidateExperience/en/sites/CX_1001/job/2502585?utm_medium=jobshare&src=JB-BB-10101),"December 17, 2024","Waterloo, ON, Canada",Summer 2025 Software Developer Coop,Dannny-Babs/Canadian-Tech-Internships-2025,Open ✅
[Citco](https://fa-euxc-saasfaprod1.fa.ocs.oraclecloud.com/hcmUI/CandidateExperience/en/sites/CX_1/job/4080?utm_medium=jobboard&utm_source=linkedin),[Citco](https://fa-euxc-saasfaprod1.fa.ocs.oraclecloud.com/hcmUI/CandidateExperience/en/sites/CX_1/job/4080?utm_medium=jobboard&utm_source=linkedin),"December 13, 2024","Toronto, ON, Canada",Software Engineering Intern,Dannny-Babs/Canadian-Tech-Internships-2025,Open ✅
26 - 48,↳,11/14/2024,"Milpitas, CA","Research Scientist Intern, Deep Learning",arunike/Summer-2025-Internship-List,Open✅
40.62 - 59.37,↳,11/14/2024,"Foster City, CA",Human Computer Interaction Researcher Intern,arunike/Summer-2025-Internship-List,Open✅
40.62 - 59.37,↳,11/14/2024,"Foster City, CA",Offline Perception Intern,arunike/Summer-2025-Internship-List,Open✅
40 - 110,↳,11/07/2024,"Los Gatos, CA",Machine Learning Engineer Intern,arunike/Summer-2025-Internship-List,Open✅
45 - 65,↳,11/07/2024,"Los Altos, CA","Robotics Intern, Computer Vision - Large Behavior Models",arunike/Summer-2025-Internship-List,Open✅
45 - 65,↳,11/07/2024,"Los Altos, CA","Robotics Intern, Policy Learning - Large Behavior Models",arunike/Summer-2025-Internship-List,Open✅
42.5,↳,11/06/2024,"San Francisco, CA",Mobile Engineering Intern,arunike/Summer-2025-Internship-List,Open✅
[Mastercard](https://careers.mastercard.com/us/en/job/R-227255/Intern-Software-Engineering?utm_campaign=google_jobs_apply&utm_source=google_jobs_apply&utm_medium=organic),[Mastercard](https://careers.mastercard.com/us/en/job/R-227255/Intern-Software-Engineering?utm_campaign=google_jobs_apply&utm_source=google_jobs_apply&utm_medium=organic),"November 2, 2024","North York, Canada","Intern, Software Engineering(Summer 2025)",Dannny-Babs/Canadian-Tech-Internships-2025,Open ✅
21.5 - 28.75,↳,10/28/2024,"Hillsboro, OR",Software Engineering Co-Op,arunike/Summer-2025-Internship-List,Open🛂
24,↳,10/26/2024,"Chicago, IL",Software Engineering Intern,arunike/Summer-2025-Internship-List,Open✅
[Picovoice](https://wellfound.com/jobs?job_listing_id=2482629),[Picovoice](https://wellfound.com/jobs?job_listing_id=2482629),"October 17, 2024","Vancouver, Canada",Software Engineer Intern,Dannny-Babs/Canadian-Tech-Internships-2025,Open ✅
[Microsoft](https://jobs.careers.microsoft.com/global/en/job/1775093/Research-Intern---AI-driven-Hardware-Design),[Microsoft](https://jobs.careers.microsoft.com/global/en/job/1775093/Research-Intern---AI-driven-Hardware-Design),"October 7, 2024","Vancouver, BC, Canada",Research Intern - AI-driven Hardware Design,Dannny-Babs/Canadian-Tech-Internships-2025,Open ✅
45 - 61,↳,10/05/2024,"San Jose, CA","Machine Learning Engineer Intern, AI/ML",arunike/Summer-2025-Internship-List,Open✅
45 - 61,↳,10/05/2024,"Seattle, WA","Machine Learning Engineer Intern, CV/ML",arunike/Summer-2025-Internship-List,Open✅
[Wayfair](https://www.wayfair.com/careers/job/software-engineering-intern---summer-------toronto-/7665154002?gh_src=8fbf576f2&rx_a=0&rx_c=&rx_ch=jobp4p&rx_group=115239&rx_job=7665154002&rx_medium=cpc&rx_r=none&rx_source=indeed&rx_ts=20241005T220601Z&rx_vp=cpc&source=Rx%2B-%2BIndeed-Organic&gh_src=8fbf576f2&rx_p=OQT0TADDVF&rx_viewer=5efc5a656c4e11ef8d463199d1401c7053c0c56a99624128a872d2701a2b6a41),[Wayfair](https://www.wayfair.com/careers/job/software-engineering-intern---summer-------toronto-/7665154002?gh_src=8fbf576f2&rx_a=0&rx_c=&rx_ch=jobp4p&rx_group=115239&rx_job=7665154002&rx_medium=cpc&rx_r=none&rx_source=indeed&rx_ts=20241005T220601Z&rx_vp=cpc&source=Rx%2B-%2BIndeed-Organic&gh_src=8fbf576f2&rx_p=OQT0TADDVF&rx_viewer=5efc5a656c4e11ef8d463199d1401c7053c0c56a99624128a872d2701a2b6a41),"October 5, 2024","Toronto, Canada",Software Engineering Intern - Summer 2025,Dannny-Babs/Canadian-Tech-Internships-2025,Open ✅
47.84 - 96.15,↳,10/04/2024,"Cupertino, CA","Software Dev Engineer Intern, Machine Learning Apps, Accelerator, Annapurna ML",arunike/Summer-2025-Internship-List,Open✅
[Ciena](https://careers.ciena.com/us/en/job/CIENUSR026086ENUS/Web-Application-Development-Intern-Winter-2025?utm_source=linkedin&utm_medium=phenom-feeds),[Ciena](https://careers.ciena.com/us/en/job/CIENUSR026086ENUS/Web-Application-Development-Intern-Winter-2025?utm_source=linkedin&utm_medium=phenom-feeds),"October 2, 2024","Ottawa, ON, Canada",Web Application Development Intern (Winter 2025),Dannny-Babs/Canadian-Tech-Internships-2025,Open ✅
[Amazon](https://www.amazon.jobs/en/jobs/2789685/front-end-engineer-internship-2025-can),[Amazon](https://www.amazon.jobs/en/jobs/2789685/front-end-engineer-internship-2025-can),"September 28, 2024","Vancouver, BC; Toronto, ON; Winnipeg, MN; Victoria, BC; Ottawa, ON; Calgary, AB","Front-End Engineer Internship – 2025 (Winter, Summer, Fall)",Dannny-Babs/Canadian-Tech-Internships-2025,Open ✅
[GoTo](https://goto.wd5.myworkdayjobs.com/GoToCareers/job/Remote-Canada/Stagiaire---Intern_R24-1695),[GoTo](https://goto.wd5.myworkdayjobs.com/GoToCareers/job/Remote-Canada/Stagiaire---Intern_R24-1695),"September 27, 2024",Remote (Canada),DevOps Intern,Dannny-Babs/Canadian-Tech-Internships-2025,Open ✅
[Seismic](https://seismic.com/careers/job-detail/?gh_jid=5176605004&gh_src=20d988194us),[Seismic](https://seismic.com/careers/job-detail/?gh_jid=5176605004&gh_src=20d988194us),"September 25, 2024","Toronto, ON, Canada",Software Engineer AI/ML Co-Op (PEY/Masters)- For UofT students eligible for a 12-month PEY/ASIP placement 🔐👀,Dannny-Babs/Canadian-Tech-Internships-2025,Open ✅
[Cisco](https://jobs.cisco.com/jobs/ProjectDetail/Software-Engineer-Intern-Canada/1426800?source=LinkedIn),[Cisco](https://jobs.cisco.com/jobs/ProjectDetail/Software-Engineer-Intern-Canada/1426800?source=LinkedIn),"September 25, 2024","Kanata, Ontario, Canada",Software Engineer (Intern),Dannny-Babs/Canadian-Tech-Internships-2025,Open ✅
[Intel](https://intel.wd1.myworkdayjobs.com/External/job/Canada-Vancouver/ASIC-Implementation-Co-op_JR0267639),[Intel](https://intel.wd1.myworkdayjobs.com/External/job/Canada-Vancouver/ASIC-Implementation-Co-op_JR0267639),"September 25, 2024","Vancouver, Canada",ASIC Implementation Co-op & Other Roles,Dannny-Babs/Canadian-Tech-Internships-2025,Open ✅
[Autodesk](https://autodesk.wd1.myworkdayjobs.com/uni?locationCountry=a30a87ed25634629aa6c3958aa2b91ea),[Autodesk](https://autodesk.wd1.myworkdayjobs.com/uni?locationCountry=a30a87ed25634629aa6c3958aa2b91ea),"September 23, 2024","Toronto, ON, CAN","Intern, Machine Learning Engineer(Winter Term & Summer Term)",Dannny-Babs/Canadian-Tech-Internships-2025,Open ✅
[Autodesk](https://autodesk.wd1.myworkdayjobs.com/uni?locationCountry=a30a87ed25634629aa6c3958aa2b91ea),[Autodesk](https://autodesk.wd1.myworkdayjobs.com/uni?locationCountry=a30a87ed25634629aa6c3958aa2b91ea),"September 23, 2024","Toronto, ON, CAN","Intern, Machine Learning Operations Engineer(Winter Term & Summer Term)",Dannny-Babs/Canadian-Tech-Internships-2025,Open ✅
[Autodesk](https://autodesk.wd1.myworkdayjobs.com/uni?locationCountry=a30a87ed25634629aa6c3958aa2b91ea),[Autodesk](https://autodesk.wd1.myworkdayjobs.com/uni?locationCountry=a30a87ed25634629aa6c3958aa2b91ea),"September 23, 2024","Toronto, ON, CAN","Intern, Software Developer (Canada) (Winter Term & Summer Term)",Dannny-Babs/Canadian-Tech-Internships-2025,Open ✅
[Autodesk](https://autodesk.wd1.myworkdayjobs.com/uni?locationCountry=a30a87ed25634629aa6c3958aa2b91ea),[Autodesk](https://autodesk.wd1.myworkdayjobs.com/uni?locationCountry=a30a87ed25634629aa6c3958aa2b91ea),"September 23, 2024","Toronto, ON, CAN","Intern, Machine Learning Developer (Winter Term & Summer Term)",Dannny-Babs/Canadian-Tech-Internships-2025,Open ✅
[Autodesk](https://autodesk.wd1.myworkdayjobs.com/uni?locationCountry=a30a87ed25634629aa6c3958aa2b91ea),[Autodesk](https://autodesk.wd1.myworkdayjobs.com/uni?locationCountry=a30a87ed25634629aa6c3958aa2b91ea),"September 23, 2024","Vancouver, BC, CAN","Intern, Data Developer (Winter Term & Summer Term)",Dannny-Babs/Canadian-Tech-Internships-2025,Open ✅
[Pinterest](https://www.pinterestcareers.com/jobs/6225207/software-engineering-intern-2025-toronto),[Pinterest](https://www.pinterestcareers.com/jobs/6225207/software-engineering-intern-2025-toronto),"September 18, 2024","Toronto, ON",Software Engineering Intern 2025,Dannny-Babs/Canadian-Tech-Internships-2025,Open ✅
[Siemens](https://jobs.siemens.com/careers/job/563156120940050-software-engineering-intern-fullstack--toronto-ontario-canada?domain=siemens.com&microsite=siemens.com&utm_campaign=google_jobs_apply&utm_source=google_jobs_apply&utm_medium=organic),[Siemens](https://jobs.siemens.com/careers/job/563156120940050-software-engineering-intern-fullstack--toronto-ontario-canada?domain=siemens.com&microsite=siemens.com&utm_campaign=google_jobs_apply&utm_source=google_jobs_apply&utm_medium=organic),"September 16, 2024","Toronto, Ontario, Canada (Remote)",Software Engineering Intern (fullstack)May 2025,Dannny-Babs/Canadian-Tech-Internships-2025,Open ✅
[Synopsys](https://careers.synopsys.com/job/markham/firmware-design-engineer-intern/44408/70025499792),[Synopsys](https://careers.synopsys.com/job/markham/firmware-design-engineer-intern/44408/70025499792),"September 16, 2024","Markham, Ontario, Canada",Firmware Design Engineer Intern,Dannny-Babs/Canadian-Tech-Internships-2025,Open ✅
[Synopsys](https://careers.synopsys.com/job/mississauga/intern/44408/70025499808),[Synopsys](https://careers.synopsys.com/job/mississauga/intern/44408/70025499808),"September 16, 2024","Mississauga or Markham, Canada","Intern, Solutions Group -4/8-month internship position",Dannny-Babs/Canadian-Tech-Internships-2025,Open ✅
[Intuit](https://jobs.intuit.com/search-jobs/Software%20Engineering%20Intern/Toronto%2C%20Ontario/27595/1/4/6251999-6093943-6167865/43x70011/-79x4163/50/2),[Intuit](https://jobs.intuit.com/search-jobs/Software%20Engineering%20Intern/Toronto%2C%20Ontario/27595/1/4/6251999-6093943-6167865/43x70011/-79x4163/50/2),"September 13, 2024","Toronto, Canada",Software Developer Co-op (Winter 2025 - 4 Months & 8 Months),Dannny-Babs/Canadian-Tech-Internships-2025,Open ✅
[Lyft](https://www.lyft.com/careers/early-talent?location=toronto%252C%2520canada),[Lyft](https://www.lyft.com/careers/early-talent?location=toronto%252C%2520canada),"September 13, 2024","Toronto, Canada",Multiple Internships (Summer 2025),Dannny-Babs/Canadian-Tech-Internships-2025,Open ✅
[Amazon](https://www.amazon.jobs/content/en/teams/amazon-web-services/internships?country%5B%5D=CA),[Amazon](https://www.amazon.jobs/content/en/teams/amazon-web-services/internships?country%5B%5D=CA),"September 10, 2024","Toronto, ON, Canada","Neuron Compiler Software Engineer Intern, Annapurna ML (12-month internship starting May 2025)",Dannny-Babs/Canadian-Tech-Internships-2025,Open ✅
[Autodesk](https://autodesk.wd1.myworkdayjobs.com/uni?locationCountry=a30a87ed25634629aa6c3958aa2b91ea),[Autodesk](https://autodesk.wd1.myworkdayjobs.com/uni?locationCountry=a30a87ed25634629aa6c3958aa2b91ea),"September 09, 2024","Toronto, ON, CAN","Intern, Product Marketing (Winter Term & Summer Term)",Dannny-Babs/Canadian-Tech-Internships-2025,Open ✅
[BMW Financial Services Canada](https://career5.successfactors.eu/careers?company=bmwag&career_job_req_id=135902&career_ns=job_application),[BMW Financial Services Canada](https://career5.successfactors.eu/careers?company=bmwag&career_job_req_id=135902&career_ns=job_application),"September 8, 2024","Richmond Hill, Canada",Data & Analytics Intern (12 months),Dannny-Babs/Canadian-Tech-Internships-2025,Open ✅
[Lyft](https://app.careerpuck.com/job-board/lyft/job/7612143002?gh_jid=7612143002),[Lyft](https://app.careerpuck.com/job-board/lyft/job/7612143002?gh_jid=7612143002),"September 6, 2024","Toronto, Canada","Software Engineer Intern, Backend (Summer 2025)",Dannny-Babs/Canadian-Tech-Internships-2025,Open ✅
[Bell](https://jobs.bell.ca/ca/en/job/BECACA420056EXTERNALENCA/2025-Internship-Program-Data-Analytics-AI),[Bell](https://jobs.bell.ca/ca/en/job/BECACA420056EXTERNALENCA/2025-Internship-Program-Data-Analytics-AI),"September 5, 2024","Halifax, Ottawa, Montreal, Mississauga, Toronto",2025 Internship Program - Data Analytics & AI,Dannny-Babs/Canadian-Tech-Internships-2025,Open ✅
[DropBox](https://jobs.dropbox.com/listing/6209863?gh_src=aonhf1),[DropBox](https://jobs.dropbox.com/listing/6209863?gh_src=aonhf1),"August 29, 2024","Alberta, British Columbia, Ontario, and Saskatchewan.",Software Engineer Intern - May & June 2025 (4 months),Dannny-Babs/Canadian-Tech-Internships-2025,Open ✅
[BDO Canada](https://www.bdo.ca/en-ca/careers/students/),[BDO Canada](https://www.bdo.ca/en-ca/careers/students/),"August 28, 2024","Toronto, ON","Co-op or Intern, DevOps Engineer (Winter 2025)",Dannny-Babs/Canadian-Tech-Internships-2025,Open ✅
[BGC Engineering Inc.](https://bgcengineering.bamboohr.com/careers/360),[BGC Engineering Inc.](https://bgcengineering.bamboohr.com/careers/360),"August 26, 2024","Vancouver, BC",Software Developer Co-op (8 Months),Dannny-Babs/Canadian-Tech-Internships-2025,Open ✅
[Stripe](https://stripe.com/jobs/listing/software-engineer-intern/6172089?gh_src=73vnei),[Stripe](https://stripe.com/jobs/listing/software-engineer-intern/6172089?gh_src=73vnei),"August 23, 2024","Toronto, ON",Software Engineer Intern,Dannny-Babs/Canadian-Tech-Internships-2025,Open ✅
[Clio](https://clio.wd3.myworkdayjobs.com/en-US/ClioCareerSite/job/Vancouver/Software-Developer--Co-op_REQ-1577?source=Linkedin),[Clio](https://clio.wd3.myworkdayjobs.com/en-US/ClioCareerSite/job/Vancouver/Software-Developer--Co-op_REQ-1577?source=Linkedin),"August 17, 2024","Vancouver, Calgary, Toronto","Software Developer, Co-op (January 2025 to August 2025)",Dannny-Babs/Canadian-Tech-Internships-2025,Open ✅
[BMO](https://jobs.bmo.com/ca/en/job/R240018602/BMO-Radicle-Summer-2025-Global-Markets-Software-Developer?utm_campaign=google_jobs_apply&utm_source=google_jobs_apply&utm_medium=organic),[BMO](https://jobs.bmo.com/ca/en/job/R240018602/BMO-Radicle-Summer-2025-Global-Markets-Software-Developer?utm_campaign=google_jobs_apply&utm_source=google_jobs_apply&utm_medium=organic),"July 11, 2024",Toronto & Calgary,Software Development Intern,Dannny-Babs/Canadian-Tech-Internships-2025,Open ✅
[PulSenics](https://techjobs.marsdd.com/companies/pulsenics/jobs/37015110-firmware-developer-intern?utm_campaign=google_jobs_apply&utm_source=google_jobs_apply&utm_medium=organic),[PulSenics](https://techjobs.marsdd.com/companies/pulsenics/jobs/37015110-firmware-developer-intern?utm_campaign=google_jobs_apply&utm_source=google_jobs_apply&utm_medium=organic),"May 21, 2024","Toronto, ON, Canada",Firmware Developer Intern (8/12/16 months),Dannny-Babs/Canadian-Tech-Internships-2025,Open ✅
[BMO](https://bmo.wd3.myworkdayjobs.com/External/job/Toronto-ON-CAN/BMO-Summer-2025-Global-Markets-Analyst--Generalist---Quantitative-Developer---Toronto_R240010117),[BMO](https://bmo.wd3.myworkdayjobs.com/External/job/Toronto-ON-CAN/BMO-Summer-2025-Global-Markets-Analyst--Generalist---Quantitative-Developer---Toronto_R240010117),"April 23, 2024",Toronto,Quantitative Developer,Dannny-Babs/Canadian-Tech-Internships-2025,Open ✅
https://ebwg.fa.us2.oraclecloud.com/hcmUI/CandidateExperience/en/sites/CX/job/19501?utm_source=Simplify&ref=Simplify,ACI Worldwide,1mo,"Norcross, GA",Software Engineering Intern,SimplifyJobs/Summer2026-Internships,open
https://job-boards.greenhouse.io/iherb/jobs/7776154003?utm_source=Simplify&ref=Simplify,iHerb,1mo,Remote in USA,Software Development Intern,SimplifyJobs/Summer2026-Internships,open
https://careers-beyondsoft.icims.com/jobs/10912/job?mobile=true&needsRedirect=false&utm_source=Simplify&ref=Simplify,Beyondsoft,1mo,United States,Software Engineer Intern,SimplifyJobs/Summer2026-Internships,open
https://campbellsoup.wd5.myworkdayjobs.com/externalcareers_globalsite/job/USA---Remote/Agentic-AI-Engineer-Co-Op_Req-66015?utm_source=Simplify&ref=Simplify,The Campbell's Company,1mo,Remote in USA,Agentic AI Engineer Co-op,SimplifyJobs/Summer2026-Internships,open
https://synchronyfinancial.wd5.myworkdayjobs.com/University/job/Stamford-Hub/BLP-Intern---Technology_2601695-1?utm_source=Simplify&ref=Simplify,Synchrony Financial,1mo,"Stamford, CT",Technology Intern - Technology,SimplifyJobs/Summer2026-Internships,open
https://lifeattiktok.com/search/7532460740410738952?utm_source=Simplify&ref=Simplify,🔥 TikTok,1mo,"San Jose, CA",Software Engineer Intern - Monetization Technology - Ads Creative,SimplifyJobs/Summer2026-Internships,open
https://job-boards.greenhouse.io/offerup/jobs/8004171?utm_source=Simplify&ref=Simplify,OfferUp,1mo,"Bellevue, WA",Software Engineer Intern,SimplifyJobs/Summer2026-Internships,open
https://rhsc.wd5.myworkdayjobs.com/delta_dental_of_michigan/job/Okemos-MI/Internship---Application-Development_JR101349?utm_source=Simplify&ref=Simplify,Delta Dental,1mo,"East Lansing, MI",Application Development Intern,SimplifyJobs/Summer2026-Internships,open
https://job-boards.greenhouse.io/tribalscale/jobs/4687337006?utm_source=Simplify&ref=Simplify,TribalScale,1mo,"Toronto, ON, Canada",Agile Software Engineer Co-op,SimplifyJobs/Summer2026-Internships,open
https://jobs.ashbyhq.com/centerfield/3279e803-56ab-4e12-8168-c2fd60bc8e60/application?utm_source=Simplify&ref=Simplify,Centerfield,1mo,LA,Software Engineer Intern,SimplifyJobs/Summer2026-Internships,open
https://gevernova.wd5.myworkdayjobs.com/vernova_externalsite/job/Remote/Grid-Automation---Software-Intern_R5041706?utm_source=Simplify&ref=Simplify,GE Vernova,1mo,Remote in USA,Grid Automation & Software Intern,SimplifyJobs/Summer2026-Internships,open
https://lifeattiktok.com/search/7646621925436131637?utm_source=Simplify&ref=Simplify,🔥 TikTok,1mo,"San Jose, CA",AI Software Engineer Intern - Transaction Platform,SimplifyJobs/Summer2026-Internships,open
https://copart.wd12.myworkdayjobs.com/copart/job/Dallas-TX---Headquarters/Software-Engineering-Intern_JR109393?utm_source=Simplify&ref=Simplify,Copart,1mo,"Dallas, TX",Software Engineer Intern,SimplifyJobs/Summer2026-Internships,open
https://gevernova.wd5.myworkdayjobs.com/only_confidential_executive_recruiting/job/Remote/Grid-Automation---Software-Intern_R5041709?utm_source=Simplify&ref=Simplify,GE Vernova,1mo,United States,Grid Automation & Software Intern,SimplifyJobs/Summer2026-Internships,open
https://www.tesla.com/careers/search/job/260382?utm_source=Simplify&ref=Simplify,🔥 Tesla,1mo,"Palo Alto, CA",Software Engineer Intern - Software Engineer - AI Hardware Infrastructure,SimplifyJobs/Summer2026-Internships,open
https://nidec.wd1.myworkdayjobs.com/nidec/job/North-AmericaUSAMissouriSt-Louis---WPE-MO/Application-Engineering-Co-Op_R0016076?utm_source=Simplify&ref=Simplify,Nidec,1mo,"St. Louis, MO",Application Engineering Co-op,SimplifyJobs/Summer2026-Internships,open
https://jobs.ashbyhq.com/solink/df855bdc-1d59-4af5-b7dc-5e23801aeb30/application?utm_source=Simplify&ref=Simplify,Solink,1mo,"Ottawa, ON, Canada",Software Engineer Co-op - R&D- Data Integrations,SimplifyJobs/Summer2026-Internships,open
https://job-boards.greenhouse.io/clarityinnovates/jobs/5155449007?utm_source=Simplify&ref=Simplify,Clarity Innovations,1mo,"Reston, VA",Junior Software Engineer Intern,SimplifyJobs/Summer2026-Internships,open
https://jobs.bytedance.com/en/position/7595707875767699765/detail?utm_source=Simplify&ref=Simplify,🔥 ByteDance,1mo,"San Jose, CA",Software Engineer Intern - Developer Infrastructure,SimplifyJobs/Summer2026-Internships,open
https://jobs.bytedance.com/en/position/7537152240618195208/detail?utm_source=Simplify&ref=Simplify,🔥 ByteDance,1mo,"San Jose, CA",Software Development Engineer Intern - Network Automation,SimplifyJobs/Summer2026-Internships,open
https://jobs.lever.co/genbio/4bdb14ae-e19f-40c8-84db-1307dbdabe74/apply?utm_source=Simplify&ref=Simplify,GenBio AI,1mo,"Palo Alto, CA",Software Engineer Intern 🎓,SimplifyJobs/Summer2026-Internships,open
https://wd3.myworkdaysite.com/recruiting/magna/Magna/job/Milton-Ontario-CA/Junior-Full-Stack-Developer-Coop_R00244793?utm_source=Simplify&ref=Simplify,Magna,1mo,"Oakville, ON, Canada",Junior Full Stack Developer Co-op,SimplifyJobs/Summer2026-Internships,open
https://autodesk.wd1.myworkdayjobs.com/Ext/job/Quebec-CAN---Remote/Intern-Software-Developer--Stagiaire-en-Dveloppement-Logiciel_26WD98603-2?utm_source=Simplify&ref=Simplify,Autodesk,1mo,Canada,Software Developer Intern - Stagiaire en Développement Logiciel,SimplifyJobs/Summer2026-Internships,open
https://apply.workable.com/pony-dot-ai/j/BA5FFDBC71/apply?utm_source=Simplify&ref=Simplify,pony.ai,1mo,"Fremont, CA",Software Engineer Intern,SimplifyJobs/Summer2026-Internships,open
https://careers-apogeeusa.icims.com/jobs/1448/job?mobile=true&needsRedirect=false&utm_source=Simplify&ref=Simplify,Apogee Engineering,1mo,"Wright-Patterson AFB, OH",Systems Architect Apprentice,SimplifyJobs/Summer2026-Internships,open
https://wd3.myworkdaysite.com/recruiting/magna/Magna/job/Grand-Rapids-Michigan-US/Product-Engineering-Intern_R00243272?utm_source=Simplify&ref=Simplify,Magna,1mo,"Grand Rapids, MI",Product Engineering Engineer Intern,SimplifyJobs/Summer2026-Internships,open
https://lifeattiktok.com/search/7534878965941766408?utm_source=Simplify&ref=Simplify,🔥 TikTok,1mo,"San Jose, CA",Software Engineer Intern - Recommendation Infrastructure,SimplifyJobs/Summer2026-Internships,open
https://jobs.ashbyhq.com/meshy/2f33b2eb-b76d-4618-b299-497471f263b9?utm_source=Simplify&ref=Simplify,Meshy,1mo,"San Francisco, CA",Data Infra Engineer Intern,SimplifyJobs/Summer2026-Internships,open
https://job-boards.greenhouse.io/asteraearlycareer2026/jobs/4562833005?utm_source=Simplify&ref=Simplify,Astera Labs,1mo,"Vancouver, BC, Canada",Platform Applications Engineer Intern Co-op,SimplifyJobs/Summer2026-Internships,open
https://jobs.ashbyhq.com/base-power/5353ea33-57d4-46fa-9a96-e392a3f841bc/application?utm_source=Simplify&ref=Simplify,Base Power,1mo,"Austin, TX",Software Engineer Intern,SimplifyJobs/Summer2026-Internships,open
https://jobs.lever.co/plus-2/1864b1be-25e5-424f-9626-09e58f6147f2/apply?utm_source=Simplify&ref=Simplify,PlusAI,1mo,"Santa Clara, CA",Systems Engineer Intern 🎓,SimplifyJobs/Summer2026-Internships,open
https://copart.wd12.myworkdayjobs.com/copart/job/Dallas-TX---Headquarters/Software-Engineering-Intern_JR101510?utm_source=Simplify&ref=Simplify,Copart,1mo,"Dallas, TX",Software Engineer Intern,SimplifyJobs/Summer2026-Internships,open
https://jobs.ashbyhq.com/flagright.com/cdc0b71f-fb24-49bf-babe-de63bdaacb7e/application?utm_source=Simplify&ref=Simplify,Flagright,1mo,"Santa Clara, CA",Product Operations Intern,SimplifyJobs/Summer2026-Internships,open
https://nelnet.wd1.myworkdayjobs.com/MyNelnet/job/Lincoln-NE/Intern---AI-Engineer_R22763?utm_source=Simplify&ref=Simplify,Nelnet,1mo,"Lincoln, NE",AI Engineer Intern,SimplifyJobs/Summer2026-Internships,open
https://edxn.fa.us2.oraclecloud.com/hcmUI/CandidateExperience/en/sites/CX_5001/job/26107?utm_source=Simplify&ref=Simplify,Boston Properties,1mo,"Boston, MA",IT Data Services Co-op,SimplifyJobs/Summer2026-Internships,open
https://jobs.lever.co/tri/15969a29-b217-482f-8c67-67d091b054c8/apply?utm_source=Simplify&ref=Simplify,Toyota Research Institute,1mo,"Mountain View, CA",Energy & Materials Intern - XRD Advanced Analysis 🎓,SimplifyJobs/Summer2026-Internships,open
https://consensus.com/careers/jobs/?gh_jid=4688215006&utm_source=Simplify&ref=Simplify,Consensus Cloud Solutions,1mo,Remote in USA,Sales Strategy & Analytics Intern,SimplifyJobs/Summer2026-Internships,open
https://navaide.breezy.hr/p/3fe610df21d6/apply?utm_source=Simplify&ref=Simplify,Navaide,1mo,"Arlington, VASan Diego, CA",Technology & Innovation Intern,SimplifyJobs/Summer2026-Internships,open
https://hcmportal.wd5.myworkdayjobs.com/en-US/Search/job/US---UPS-CORPORATE-OFFICES-GACOR/Summer-2026-Buildings---Systems-Engineering--BaSE--Intern---Information-Systems-Intern_R26015318?utm_source=Simplify&ref=Simplify,United Parcel Service (UPS),1mo,United States,Buildings and Systems Engineering Intern,SimplifyJobs/Summer2026-Internships,open
https://www.metacareers.com/jobs/2774289902955470?utm_source=Simplify&ref=Simplify,🔥 Meta,1mo,"Redmond, WA",Research Scientist Intern - State Estimation for Dexterous Manipulation,SimplifyJobs/Summer2026-Internships,open
https://hdks.fa.ca2.oraclecloud.com/hcmUI/CandidateExperience/en/sites/CX_1/job/9152?utm_source=Simplify&ref=Simplify,Definity Financial,1mo,"Toronto, ON, Canada",Data Analyst Co-op/Intern,SimplifyJobs/Summer2026-Internships,open
https://synchronyfinancial.wd5.myworkdayjobs.com/University/job/Stamford-Hub/BLP-Intern---Data-Analytics_2601688?utm_source=Simplify&ref=Simplify,Synchrony Financial,1mo,"Stamford, CT",Data Analytics Intern,SimplifyJobs/Summer2026-Internships,open
https://careers-cotiviti.icims.com/jobs/19416/job?mobile=true&needsRedirect=false&utm_source=Simplify&ref=Simplify,Cotiviti,1mo,Remote in USA,Agentic AI Research Intern,SimplifyJobs/Summer2026-Internships,open
https://lifeattiktok.com/search/7532267134924867847?utm_source=Simplify&ref=Simplify,🔥 TikTok,1mo,"Seattle, WA",Data Analyst Intern - TikTok Shop AMS Data Science,SimplifyJobs/Summer2026-Internships,open
https://tencent.wd1.myworkdayjobs.com/Tencent_Careers/job/US-Washington-Bellevue/Research-Internship---Reinforcement-Learning-for-Large-Foundation-Models_R106337-1?utm_source=Simplify&ref=Simplify,Tencent,1mo,"Bellevue, WA",Research Intern 🎓,SimplifyJobs/Summer2026-Internships,open
https://autodesk.wd1.myworkdayjobs.com/uni/job/AMER---Canada---Ontario---Toronto---University-Ave/Intern--Model-Based-Systems-Engineering_26WD94900-2?utm_source=Simplify&ref=Simplify,Autodesk,1mo,"Toronto, ON, Canada",AI in Design & Manufacturing Intern 🎓,SimplifyJobs/Summer2026-Internships,open
https://campbellsoup.wd5.myworkdayjobs.com/externalcareers_globalsite/job/USA---NJ---Camden/Data-Engineer---Agentic-AI---ML-Ops--Co-op-_Req-65843?utm_source=Simplify&ref=Simplify,The Campbell's Company,1mo,"Philadelphia, PA",Data Engineer Co-op,SimplifyJobs/Summer2026-Internships,open
https://centific.wd1.myworkdayjobs.com/Centific_Global/job/Remote-Work-USA/Speech-Research-Intern-2_JR107448-1?utm_source=Simplify&ref=Simplify,Centific,1mo,"Remote in USARedmond, WA",Speech Research Intern - Centific AI Research 🎓,SimplifyJobs/Summer2026-Internships,open
https://jobs.lever.co/ifm-us/3eec355c-6dde-4a3e-8cdf-b2a8930d5678/apply?utm_source=Simplify&ref=Simplify,Institute of Foundation Models,1mo,"Sunnyvale, CA",AI Research Intern 🎓,SimplifyJobs/Summer2026-Internships,open
https://campbellsoup.wd5.myworkdayjobs.com/externalcareers_globalsite/job/USA---NJ---Camden/Data-Engineer--DA-AI-Co-Op_Req-65837?utm_source=Simplify&ref=Simplify,The Campbell's Company,1mo,"Philadelphia, PA",Data Engineer Co-op,SimplifyJobs/Summer2026-Internships,open
https://job-boards.greenhouse.io/lilasciences/jobs/4280811009?utm_source=Simplify&ref=Simplify,Lila Sciences,1mo,"Cambridge, MA",Data Extraction Co-op,SimplifyJobs/Summer2026-Internships,open
https://jobs.lever.co/tri/63d61db3-ac43-4c0d-8b9b-5006e3b92149/apply?utm_source=Simplify&ref=Simplify,Toyota Research Institute,1mo,"Mountain View, CA",Human Interactive Driving Intern - World Models 🎓,SimplifyJobs/Summer2026-Internships,open
https://job-boards.greenhouse.io/evolver/jobs/4254540009?utm_source=Simplify&ref=Simplify,Evolver,1mo,"Palo Alto, CA",Applied Data Science Intern,SimplifyJobs/Summer2026-Internships,open
https://fa-exjq-saasfaprod1.fa.ocs.oraclecloud.com/hcmUI/CandidateExperience/en/sites/SHEIN/job/USA87554940?utm_source=Simplify&ref=Simplify,SHEIN,1mo,United States,Data Analysis Intern,SimplifyJobs/Summer2026-Internships,open
https://jobs.smartrecruiters.com/Eurofins/744000131132249?utm_source=Simplify&ref=Simplify,Eurofins,1mo,"Lancaster, PA",Business Intelligence Intern,SimplifyJobs/Summer2026-Internships,open
https://agilent.wd5.myworkdayjobs.com/Agilent_Student_Careers/job/US-DE-Wilmington/Intern---Predictive-Sales-Prospecting_4038181?utm_source=Simplify&ref=Simplify,Agilent Technologies,1mo,"Wilmington, DE",Predictive Sales Prospecting Intern,SimplifyJobs/Summer2026-Internships,open
https://ancestry.wd501.myworkdayjobs.com/Careers/job/Remote/Machine-Learning-Engineer--Co-op_R003378?utm_source=Simplify&ref=Simplify,Ancestry,1mo,Remote in USA,Machine Learning Engineer Co-op 🎓,SimplifyJobs/Summer2026-Internships,open
https://www.tesla.com/careers/search/job/270511?utm_source=Simplify&ref=Simplify,🔥 Tesla,1mo,"Palo Alto, CA",Energy Engineering Intern - Cost Reduction,SimplifyJobs/Summer2026-Internships,open
https://job-boards.greenhouse.io/xpengmotors/jobs/8581353002?utm_source=Simplify&ref=Simplify,XPENG Motors,1mo,"Santa Clara, CA",AI Infrastructure Onboard Performance Intern 🎓,SimplifyJobs/Summer2026-Internships,open
https://careers-peraton.icims.com/jobs/167460/job?mobile=true&needsRedirect=false&utm_source=Simplify&ref=Simplify,Peraton,1mo,Remote in USA,Generative AI Engineer Intern 🎓,SimplifyJobs/Summer2026-Internships,open
https://eewl.fa.us6.oraclecloud.com/hcmUI/CandidateExperience/en/sites/CX/job/10300?utm_source=Simplify&ref=Simplify,Sundt,1mo,"Tempe, AZ",Support Group Intern - Artificial Intelligence,SimplifyJobs/Summer2026-Internships,open
https://tencent.wd1.myworkdayjobs.com/Tencent_Careers/job/US-California-Palo-Alto/Multimedia-development-intern_R107331?utm_source=Simplify&ref=Simplify,Tencent,1mo,"Palo Alto, CA",Multimedia Development Intern,SimplifyJobs/Summer2026-Internships,open
https://jobs.bytedance.com/en/position/7642450978503641397/detail?utm_source=Simplify&ref=Simplify,🔥 ByteDance,1mo,"San Jose, CA",Payment Partnership Project Intern - Global Payment,SimplifyJobs/Summer2026-Internships,open
https://agilent.wd5.myworkdayjobs.com/Agilent_Student_Careers/job/US-DE-Wilmington/Intern---Predictive-Sales-Prospecting_4038245?utm_source=Simplify&ref=Simplify,Agilent Technologies,1mo,"Wilmington, DE",Predictive Sales Prospecting Intern,SimplifyJobs/Summer2026-Internships,open
https://boystown.wd1.myworkdayjobs.com/boystowncareers/job/Omaha-NE/Artificial-Intelligence---Machine-Learning-Intern_REQ-2026-8543-1?utm_source=Simplify&ref=Simplify,Boys Town,1mo,"Omaha, NE",Artificial Intelligence & Machine Learning Intern,SimplifyJobs/Summer2026-Internships,open
https://apply.workable.com/pony-dot-ai/j/4C1F53EF5D/apply?utm_source=Simplify&ref=Simplify,pony.ai,1mo,"Fremont, CA",Research Intern - Deep Learning 🎓,SimplifyJobs/Summer2026-Internships,open
https://lifeattiktok.com/search/7644719084681234741?utm_source=Simplify&ref=Simplify,🔥 TikTok,1mo,"Seattle, WA",Data Science Intern - Tiktok Shop-Supply Chain & Logistics,SimplifyJobs/Summer2026-Internships,open
https://nvidia.wd5.myworkdayjobs.com/NVIDIAExternalCareerSite/job/US-CA-Santa-Clara/PhD-Research-Intern--Generative-AI---2026_JR2016035?utm_source=Simplify&ref=Simplify,🔥 NVIDIA,1mo,"CaliforniaSanta Clara, CAUnited States",PhD Research Intern - Generative AI 🎓,SimplifyJobs/Summer2026-Internships,open
https://job-boards.greenhouse.io/newsbreak/jobs/4684555006?utm_source=Simplify&ref=Simplify,NewsBreak,1mo,"Mountain View, CA",Research Intern - Agent Reinforcement Learning Training,SimplifyJobs/Summer2026-Internships,open
https://jobs.lever.co/plus-2/efbb82d3-1c4a-4fc9-8b40-ee1545085061/apply?utm_source=Simplify&ref=Simplify,PlusAI,1mo,"Santa Clara, CA",Research Engineer Intern - Mapping & Localization 🎓,SimplifyJobs/Summer2026-Internships,open
https://eoje.fa.us2.oraclecloud.com/hcmUI/CandidateExperience/en/sites/CX_1001/job/6315?utm_source=Simplify&ref=Simplify,Black Box,1mo,"Plano, TX",AI Engineer Intern 🎓,SimplifyJobs/Summer2026-Internships,open
https://marvell.wd1.myworkdayjobs.com/MarvellCareers/job/Santa-Clara-CA/Applied-Machine-Learning-Scientist-Intern---PhD_2502662-1?utm_source=Simplify&ref=Simplify,Marvell,1mo,"Santa Clara, CA",Applied Machine Learning Scientist Intern,SimplifyJobs/Summer2026-Internships,open
https://apply.workable.com/quadric-dot-i-o-inc/j/870833317E/apply?utm_source=Simplify&ref=Simplify,Quadric,1mo,"Burlingame, CA",AI Inference Engineer Intern - Model Pruning 🎓,SimplifyJobs/Summer2026-Internships,open
https://jobs.lever.co/plus-2/ac7f8f73-88d0-48d5-8d4f-71ed4cfa6ecc/apply?utm_source=Simplify&ref=Simplify,PlusAI,1mo,"Santa Clara, CA",Research Engineer Intern - Control,SimplifyJobs/Summer2026-Internships,open
https://jobs.ashbyhq.com/base-power/b6b2332e-1226-4575-b2c9-9e5258f2540e/application?utm_source=Simplify&ref=Simplify,Base Power,1mo,"Austin, TX",Quantitative Developer Intern,SimplifyJobs/Summer2026-Internships,open
https://generac.wd5.myworkdayjobs.com/en-US/external/job/Reno-NV---USA/Intern-Firmware-Engineering_JR14674?utm_source=Simplify&ref=Simplify,Generac,1mo,"Reno, NV",Firmware Engineering Intern,SimplifyJobs/Summer2026-Internships,open
https://ibwujb.fa.ocs.oraclecloud.com/hcmUI/CandidateExperience/en/sites/CX_1001/job/8465?utm_source=Simplify&ref=Simplify,Ralliant,1mo,"Beaverton, OR",Software Engineer Intern - Mecop,SimplifyJobs/Summer2026-Internships,open
https://edbz.fa.us2.oraclecloud.com/hcmUI/CandidateExperience/en/sites/CX/job/25010550?utm_source=Simplify&ref=Simplify,Texas Instruments,1mo,"Dallas, TXTucson, AZ",Engineering Technician Intern,SimplifyJobs/Summer2026-Internships,open
https://www.tesla.com/careers/search/job/274047?utm_source=Simplify&ref=Simplify,🔥 Tesla,1mo,"Palo Alto, CA","Embedded Software Engineer Intern - Embedded Software Engineer - Steering,Chassis Systems",SimplifyJobs/Summer2026-Internships,open
https://psu.wd1.myworkdayjobs.com/PSU_Staff/job/Freeport-PA/Research-and-Development-Engineering-Intern_REQ_0000064925-1?utm_source=Simplify&ref=Simplify,Pennsylvania State University,1mo,"Tarentum, PA",Research and Development Engineer Intern,SimplifyJobs/Summer2026-Internships,open
https://cadence.wd1.myworkdayjobs.com/External_Careers/job/MOUNT-ROYAL-Montreal/Analog-Mixed-Signal-IC-Design-Co-Op-Intern---Summer-2026----Stage-Co-Op-en-Conception-de-CI-Analogiques-Signal-Mixte--t--2026-_R53993-2?utm_source=Simplify&ref=Simplify,Cadence Design Systems,1mo,"Montreal, QC, Canada",Analog/Mixed-Signal IC Design Co-Op/Intern,SimplifyJobs/Summer2026-Internships,open
https://job-boards.greenhouse.io/amarok/jobs/6018661004?utm_source=Simplify&ref=Simplify,AMAROK Security,1mo,"Columbia, SC",Research and Development Intern,SimplifyJobs/Summer2026-Internships,open
https://job-boards.greenhouse.io/tenstorrentuniversity/jobs/5158533007?utm_source=Simplify&ref=Simplify,Tenstorrent,1mo,"Santa Clara, CA",CPU/AI Workload Analysis Intern 🎓,SimplifyJobs/Summer2026-Internships,open
https://job-boards.greenhouse.io/asteraearlycareer2026/jobs/4611422005?utm_source=Simplify&ref=Simplify,Astera Labs,1mo,"Toronto, ON, Canada",Design Verification Engineer Intern,SimplifyJobs/Summer2026-Internships,open
https://www.tesla.com/careers/search/job/270618?utm_source=Simplify&ref=Simplify,🔥 Tesla,1mo,"Palo Alto, CA",Embedded Software Engineer Intern - Embedded Software Engineer - Body Controls Firmware,SimplifyJobs/Summer2026-Internships,open
https://generac.wd5.myworkdayjobs.com/en-US/external/job/Santa-Monica-CA----USA/Lab-Technician-Intern_JR14695?utm_source=Simplify&ref=Simplify,Generac,1mo,"Santa Monica, CA",Lab Technician Intern,SimplifyJobs/Summer2026-Internships,open
https://ciena.wd5.myworkdayjobs.com/Careers/job/Ottawa/Embedded-Software-Engineer---Intern_R031146?utm_source=Simplify&ref=Simplify,Ciena,1mo,"Ottawa, ON, Canada",Embedded Software Engineer Intern,SimplifyJobs/Summer2026-Internships,open
https://nwis.wd12.myworkdayjobs.com/NW/job/Annapolis-Junction-MD/Software---Hardware-Engineering---Intern_JR101733?utm_source=Simplify&ref=Simplify,Nightwing Intelligence Solutions,1mo,"Annapolis Junction, MD",Software / Hardware Engineering Intern,SimplifyJobs/Summer2026-Internships,open
https://www.psiquantum.com/apply?gh_jid=7761881003&utm_source=Simplify&ref=Simplify,PsiQuantum,1mo,"Milpitas, CA",Optical Packaging and Characterization Engineer Intern,SimplifyJobs/Summer2026-Internships,open
https://jobs.bytedance.com/en/position/7537164763424606482/detail?utm_source=Simplify&ref=Simplify,🔥 ByteDance,1mo,"San Jose, CA",Research Intern - Virtual Network 🎓,SimplifyJobs/Summer2026-Internships,open
https://jobs.lever.co/fluxergy-2/c592763e-56ba-4d20-b751-3a4574470eec/apply?utm_source=Simplify&ref=Simplify,Fluxergy,1mo,"Irvine, CA",Firmware Engineer Intern,SimplifyJobs/Summer2026-Internships,open
https://job-boards.greenhouse.io/asteraearlycareer2026/jobs/4609356005?utm_source=Simplify&ref=Simplify,Astera Labs,1mo,"Vancouver, BC, Canada",Firmware Engineer Intern,SimplifyJobs/Summer2026-Internships,open
https://jobs.lever.co/diversified-automation/3cea02c8-9a43-4542-96bb-df69a874f146/apply?utm_source=Simplify&ref=Simplify,Diversified Automation,1mo,"Louisville, KY",Hardware Engineering Co-op,SimplifyJobs/Summer2026-Internships,open
https://jobs.ashbyhq.com/periodic-labs/2cfb099d-42f1-4dff-93f4-1862b13f914a/application?utm_source=Simplify&ref=Simplify,Periodic Labs,1mo,"Menlo Park, CA",Nanofabrication Intern,SimplifyJobs/Summer2026-Internships,open
https://ambarella.wd108.myworkdayjobs.com/ambarella/job/US-Headquarters/Mixed-Signal-Engineer-Intern_JR100105?utm_source=Simplify&ref=Simplify,Ambarella,1mo,United States,Mixed Signal Engineer Intern 🎓,SimplifyJobs/Summer2026-Internships,open
https://apply.workable.com/quadric-dot-i-o-inc/j/6BEF4752B5/apply?utm_source=Simplify&ref=Simplify,Quadric,1mo,"Burlingame, CA",AI Kernel Engineer Intern - Kernel Optimization 🎓,SimplifyJobs/Summer2026-Internships,open
https://jobs.lever.co/plus-2/a3bcdba6-b0d0-46ba-9af3-a387926a6fb4/apply?utm_source=Simplify&ref=Simplify,PlusAI,1mo,"Santa Clara, CA",Software Engineer Intern-Runtime - Robotics,SimplifyJobs/Summer2026-Internships,open
[Wealthsimple](https://jobs.lever.co/wealthsimple/a50b5485-9c54-4198-a52d-be9bc06d919d),[Wealthsimple](https://jobs.lever.co/wealthsimple/a50b5485-9c54-4198-a52d-be9bc06d919d),Date Posted Unknown 🔐👀,"Remote, Canada","Intern, Software Development (Summer 2025)",Dannny-Babs/Canadian-Tech-Internships-2025,Open ✅
[Lockheed Martin](https://krb-sjobs.brassring.com/TGnewUI/Search/Home/Home?partnerid=30122&siteid=6598#home),[Lockheed Martin](https://krb-sjobs.brassring.com/TGnewUI/Search/Home/Home?partnerid=30122&siteid=6598#home),Date Posted Unknown 🔐👀,"Halifax NS, Montreal QC, Ottawa ON, Canada",Multiple Tech Roles,Dannny-Babs/Canadian-Tech-Internships-2025,Open ✅
[Morgan Stanley](https://morganstanley.tal.net/vx/lang-en-GB/mobile-0/brand-2/user-7803981/xf-dd9cde5f40fb/candidate/so/pm/1/pl/1/opp/17084-2025-Programme-CEGEP-d-%C3%A9t%C3%A9-en-Technologie-Montr%C3%A9al-2025-Technology-College-Summer-Internship-Montreal/en-GB),[Morgan Stanley](https://morganstanley.tal.net/vx/lang-en-GB/mobile-0/brand-2/user-7803981/xf-dd9cde5f40fb/candidate/so/pm/1/pl/1/opp/17084-2025-Programme-CEGEP-d-%C3%A9t%C3%A9-en-Technologie-Montr%C3%A9al-2025-Technology-College-Summer-Internship-Montreal/en-GB),Date Posted Unknown 🔐👀,"Montreal, Canada",Technology College Summer Internship 2025,Dannny-Babs/Canadian-Tech-Internships-2025,Open ✅
[Whatnot](https://job-boards.greenhouse.io/whatnot/jobs/5247639004),[Whatnot](https://job-boards.greenhouse.io/whatnot/jobs/5247639004),Date Posted Unknown 🔐👀,"Remote (US, Canada)",Software Engineer Intern - Summer 2025,Dannny-Babs/Canadian-Tech-Internships-2025,Open ✅
[Cresta](https://job-boards.greenhouse.io/cresta/jobs/4123841008),[Cresta](https://job-boards.greenhouse.io/cresta/jobs/4123841008),Date Posted Unknown 🔐👀,"Toronto, Canada","Software Engineer, Fullstack (Intern) - $30-$50/hr",Dannny-Babs/Canadian-Tech-Internships-2025,Open ✅
[Bosa Properties](https://job-boards.greenhouse.io/bosapropertiesinc/jobs/4475744008),[Bosa Properties](https://job-boards.greenhouse.io/bosapropertiesinc/jobs/4475744008),Date Posted Unknown 🔐👀,"Vancouver, BC, Canada","Intern, Full Stack Developer",Dannny-Babs/Canadian-Tech-Internships-2025,Open ✅
[Ericsson](https://jobs.ericsson.com/careers/job/563121762539474),[Ericsson](https://jobs.ericsson.com/careers/job/563121762539474),Date Posted Unknown 🔐👀,"Ottawa, Canada (Hybrid)",Software Developer Intern - Summer 2025 (8 months),Dannny-Babs/Canadian-Tech-Internships-2025,Open ✅
[Nokia](https://fa-evmr-saasfaprod1.fa.ocs.oraclecloud.com/hcmUI/CandidateExperience/en/sites/CX_1/job/14031/),[Nokia](https://fa-evmr-saasfaprod1.fa.ocs.oraclecloud.com/hcmUI/CandidateExperience/en/sites/CX_1/job/14031/),Date Posted Unknown 🔐👀,Canada (Hybrid),"Software Tester Co-op/Intern - Duration: 4 Months (Apr 28th, 2025, to Aug 29th, 2025)",Dannny-Babs/Canadian-Tech-Internships-2025,Open ✅
[Electronic Arts](https://jobs.ea.com/en_US/careers/JobDetail/204167?recommendation=&source=LinkedIn+Jobs&tags=),[Electronic Arts](https://jobs.ea.com/en_US/careers/JobDetail/204167?recommendation=&source=LinkedIn+Jobs&tags=),Date Posted Unknown 🔐👀,"Toronto (Glu Mobile), Ontario, Canada",Software Engineering Intern Summer 2025,Dannny-Babs/Canadian-Tech-Internships-2025,Open ✅
[Manulife](https://careers.manulife.com/global/en/job/MFZMFIUSJR24120667EXTERNALENGLOBAL/UX-Designer-Co-op-Intern-Summer-2025?utm_medium=phenom-feeds&source=Linkedin&utm_source=linkedin),[Manulife](https://careers.manulife.com/global/en/job/MFZMFIUSJR24120667EXTERNALENGLOBAL/UX-Designer-Co-op-Intern-Summer-2025?utm_medium=phenom-feeds&source=Linkedin&utm_source=linkedin),"Dece,ber 17, 2024","Greater Toronto Area, Canada",UX Designer Co-op/Intern – Summer 2025,Dannny-Babs/Canadian-Tech-Internships-2025,Open ✅
[Snowflake](https://careers.snowflake.com/us/en/job/SNCOUSD38DF19E64C1405CA3A1ADC24F5ADB9EEXTERNALENUS152B293DEC65486289577F50089728AC/Software-Engineer-Intern-Toronto-Summer-2025?utm_medium=phenom-feeds&utm_source=Q2P9NP2NNP&gh_src=ed5543a62),[Snowflake](https://careers.snowflake.com/us/en/job/SNCOUSD38DF19E64C1405CA3A1ADC24F5ADB9EEXTERNALENUS152B293DEC65486289577F50089728AC/Software-Engineer-Intern-Toronto-Summer-2025?utm_medium=phenom-feeds&utm_source=Q2P9NP2NNP&gh_src=ed5543a62),Date Posted Unknown 🔐👀,"Toronto, Ontario, Canada",Software Engineer Intern (Toronto) - Summer 2025,Dannny-Babs/Canadian-Tech-Internships-2025,Open ✅
[Electronic Arts](https://jobs.ea.com/en_US/careers/JobDetail/206404?recommendation=&source=LinkedIn+Jobs&tags=),[Electronic Arts](https://jobs.ea.com/en_US/careers/JobDetail/206404?recommendation=&source=LinkedIn+Jobs&tags=),Date Posted Unknown 🔐👀,"Vancouver, Canada",Software Engineer Intern - Summer 2025,Dannny-Babs/Canadian-Tech-Internships-2025,Open ✅
[Nokia](https://fa-evmr-saasfaprod1.fa.ocs.oraclecloud.com/hcmUI/CandidateExperience/en/sites/CX_1/job/13705/?lastSelectedFacet=TITLES&location=Canada&locationId=300000000471544&locationLevel=country&mode=location&selectedTitlesFacet=TRA),[Nokia](https://fa-evmr-saasfaprod1.fa.ocs.oraclecloud.com/hcmUI/CandidateExperience/en/sites/CX_1/job/13705/?lastSelectedFacet=TITLES&location=Canada&locationId=300000000471544&locationLevel=country&mode=location&selectedTitlesFacet=TRA),Date Posted Unknown 🔐👀,Canada (Hybrid),"Software Tools Development Coop Intern - Duration: 4 Months (Apr 28th, 2025, to Aug 29th, 2025)",Dannny-Babs/Canadian-Tech-Internships-2025,Open ✅
[TikTok](https://careers.tiktok.com/referral/tiktok/campus/?keywords=&category=&location=CT_148%2CCT_242&project=7322364514224687370&type=&job_hot_flag=&current=1&limit=10&functionCategory=&tag=&token=MzsxNzIwNzA5NTE0NzY2OzcwOTA1MjQzNjM3MTUyNDk2NzE7MDsy),[TikTok](https://careers.tiktok.com/referral/tiktok/campus/?keywords=&category=&location=CT_148%2CCT_242&project=7322364514224687370&type=&job_hot_flag=&current=1&limit=10&functionCategory=&tag=&token=MzsxNzIwNzA5NTE0NzY2OzcwOTA1MjQzNjM3MTUyNDk2NzE7MDsy),Date Posted Unknown 🔐👀,"Vancouver, Canada","Multiple Roles: Software Development Engineer Intern  Backend Software Engineer Intern , Front End Engineer Intern - 2025 Start (BS/MS)",Dannny-Babs/Canadian-Tech-Internships-2025,Open ✅
[TikTok](https://careers.tiktok.com/referral/tiktok/campus/position/7401191399712147722/detail?token=MzsxNzIwNzA5NTE0NzY2OzcwOTA1MjQzNjM3MTUyNDk2NzE7MDsy),[TikTok](https://careers.tiktok.com/referral/tiktok/campus/position/7401191399712147722/detail?token=MzsxNzIwNzA5NTE0NzY2OzcwOTA1MjQzNjM3MTUyNDk2NzE7MDsy),Date Posted Unknown 🔐👀,"Vancouver, Canada",Software Development Engineer Intern (Data-TnS-QA) - 2025 Summer (BS/MS),Dannny-Babs/Canadian-Tech-Internships-2025,Open ✅
[Intel](https://jobs.intel.com/en/job/-/-/599/69842310128?source=LinkedIn),[Intel](https://jobs.intel.com/en/job/-/-/599/69842310128?source=LinkedIn),Date Posted Unknown 🔐👀,"Toronto, Ontario, Canada",Software and IP Engineering – Internship Positions,Dannny-Babs/Canadian-Tech-Internships-2025,Open ✅
[Waabi](https://jobs.lever.co/waabi/ad3c77da-5607-4c4f-8784-8407478cbace),[Waabi](https://jobs.lever.co/waabi/ad3c77da-5607-4c4f-8784-8407478cbace),Date Posted Unknown 🔐👀,"Toronto, CAN, San Francisco, CA & Remote - US & Canada",Research Internship/Co-op ($34 - $60 USD/hr),Dannny-Babs/Canadian-Tech-Internships-2025,Open ✅
[Intelliware](https://jobs.lever.co/intelliware/24345432-7189-4849-a389-3bad4abde843),[Intelliware](https://jobs.lever.co/intelliware/24345432-7189-4849-a389-3bad4abde843),Date Posted Unknown 🔐👀,"Downtown Toronto, Canada",Software Developer Internship (4-16 months),Dannny-Babs/Canadian-Tech-Internships-2025,Open ✅
[Justwin](https://www.justwin.ca/about-us/career-with-us/apply-job/?job_id=9497),[Justwin](https://www.justwin.ca/about-us/career-with-us/apply-job/?job_id=9497),Date Posted Unknown 🔐👀,"Remote/Onsite, Canada",Mobile App Developer (CO-OP),Dannny-Babs/Canadian-Tech-Internships-2025,Open ✅
[Coveo](https://www.coveo.com/en/company/careers/open-positions/sales/sales-engineering/software-developer-intern-solutions-engineering-winter-2025/7624866002?utm_campaign=google_jobs_apply&utm_source=google_jobs_apply&utm_medium=organic),[Coveo](https://www.coveo.com/en/company/careers/open-positions/sales/sales-engineering/software-developer-intern-solutions-engineering-winter-2025/7624866002?utm_campaign=google_jobs_apply&utm_source=google_jobs_apply&utm_medium=organic),Date Posted Unknown 🔐👀,"Montreal (Province of Quebec), Canada","Software Developer Intern (Solutions Engineering), Winter 2025",Dannny-Babs/Canadian-Tech-Internships-2025,Open ✅
[CAE](https://careers.cae.com/global/en/job/CAECAEGLOBAL110824EXTERNALENGLOBAL/C-GE-055-Software-Developer-Operating-System-Image-Configuration?utm_source=indeed&utm_medium=phenom-feeds),[CAE](https://careers.cae.com/global/en/job/CAECAEGLOBAL110824EXTERNALENGLOBAL/C-GE-055-Software-Developer-Operating-System-Image-Configuration?utm_source=indeed&utm_medium=phenom-feeds),Date Posted Unknown 🔐👀,"Montréal (St-Laurent), Canada",Software Developer (Operating System Image & Configuration)- Winter 2025,Dannny-Babs/Canadian-Tech-Internships-2025,Open ✅
[Fullscript](https://jobs.lever.co/fullscript/a2563d5d-9814-47bf-b8a1-3898a42c29ee/apply?lever-source=LinkedIn),[Fullscript](https://jobs.lever.co/fullscript/a2563d5d-9814-47bf-b8a1-3898a42c29ee/apply?lever-source=LinkedIn),Date Posted Unknown 🔐👀,"Ottawa, ON, Canada",Co-op/Intern DevOps Engineer (Winter 2025),Dannny-Babs/Canadian-Tech-Internships-2025,Open ✅
[Activision](https://activision.wd1.myworkdayjobs.com/External/job/Montreal---Activision--Beenox/Stagiaire-en-programmation-graphiques---Graphics-Programming-Intern---Beenox_R023957),[Activision](https://activision.wd1.myworkdayjobs.com/External/job/Montreal---Activision--Beenox/Stagiaire-en-programmation-graphiques---Graphics-Programming-Intern---Beenox_R023957),"September 27,2024","Montreal, Quebec, Canada",Graphics Programming Intern,Dannny-Babs/Canadian-Tech-Internships-2025,Open ✅
[HubSpot](https://www.hubspot.com/careers/jobs/6243462?gh_jid=6243462),[HubSpot](https://www.hubspot.com/careers/jobs/6243462?gh_jid=6243462),Date Posted Unknown 🔐👀,"Toronto, Ontario, Canada","Software Engineer Internship & Co-op Program (Spring Co-ops, Summer Internships)",Dannny-Babs/Canadian-Tech-Internships-2025,Open ✅
[Stably](https://www.ycombinator.com/companies/stably/jobs/mJcbmq2-full-stack-engineer-co-op-internship?utm_source=syn_li),[Stably](https://www.ycombinator.com/companies/stably/jobs/mJcbmq2-full-stack-engineer-co-op-internship?utm_source=syn_li),Date Posted Unknown 🔐👀,CA / Remote (CA),Full Stack Engineer Co-Op Internship - $30K - $100K,Dannny-Babs/Canadian-Tech-Internships-2025,Open ✅
[Confluent](https://jobs.jobvite.com/careers/confluent/job/oerwufwp/apply?__jvst=Job%20Board&__jvsd=LinkedIn),[Confluent](https://jobs.jobvite.com/careers/confluent/job/oerwufwp/apply?__jvst=Job%20Board&__jvsd=LinkedIn),Date Posted Unknown 🔐👀,"Ontario, Canada","2025 Software Engineering Intern - Annual fixed monthly salary of $8,667",Dannny-Babs/Canadian-Tech-Internships-2025,Open ✅
[IBM](https://careers.ibm.com/job/21019747/stagiaire-d-veloppeur-janvier-12-mois-ibm-consulting-ottawa-ca/?codes=WEB_SEARCH_NA),[IBM](https://careers.ibm.com/job/21019747/stagiaire-d-veloppeur-janvier-12-mois-ibm-consulting-ottawa-ca/?codes=WEB_SEARCH_NA),Date Posted Unknown 🔐👀,"Multiple Locations, CA",Developer Intern (January – 12 months) – IBM Consulting,Dannny-Babs/Canadian-Tech-Internships-2025,Open ✅
[IBM](https://careers.ibm.com/job/21000011/software-developer-intern-may-2025-16-months-markham-ca/?codes=WEB_SEARCH_NA),[IBM](https://careers.ibm.com/job/21000011/software-developer-intern-may-2025-16-months-markham-ca/?codes=WEB_SEARCH_NA),Date Posted Unknown 🔐👀,"Markham, CA",Software Developer Intern (May 2025 – 16 months),Dannny-Babs/Canadian-Tech-Internships-2025,Open ✅
[IBM](https://careers.ibm.com/job/21035351/site-reliability-engineering-co-op-jan-2025-12-months-markham-ca/?codes=WEB_SEARCH_NA),[IBM](https://careers.ibm.com/job/21035351/site-reliability-engineering-co-op-jan-2025-12-months-markham-ca/?codes=WEB_SEARCH_NA),Date Posted Unknown 🔐👀,"Markham, CA",Site Reliability Engineering Co-op (Jan 2025 – 12 months),Dannny-Babs/Canadian-Tech-Internships-2025,Open ✅
[Okta](https://www.okta.com/company/careers/software-engineer-intern-summer-2025-6246072/),[Okta](https://www.okta.com/company/careers/software-engineer-intern-summer-2025-6246072/),Date Posted Unknown 🔐👀,Canada,Software Engineer Intern (Summer 2025),Dannny-Babs/Canadian-Tech-Internships-2025,Open ✅
[Robinhood](https://app.ripplematch.com/v2/public/job/e5771210/details?tl=fb6accc8&from_page=tracking_link),[Robinhood](https://app.ripplematch.com/v2/public/job/e5771210/details?tl=fb6accc8&from_page=tracking_link),"September,2024","Toronto, ON, Canada (Hybrid)","Software Developer Intern, Web (2025) - Summer 2025",Dannny-Babs/Canadian-Tech-Internships-2025,Open ✅
[DoorDash](https://careers.doordash.com/jobs/software-engineer-intern-2024-25---toronto-university-recruiting/6247028/),[DoorDash](https://careers.doordash.com/jobs/software-engineer-intern-2024-25---toronto-university-recruiting/6247028/),"September 18,2024","Toronto, Canada",Software Engineer Intern (Summer 2025),Dannny-Babs/Canadian-Tech-Internships-2025,Open ✅
[Shopify](https://www.shopify.com/careers/engineering-internships-winter-2025_4c5d6050-9a66-4b7e-8873-13b892846e66),[Shopify](https://www.shopify.com/careers/engineering-internships-winter-2025_4c5d6050-9a66-4b7e-8873-13b892846e66),"September, 2024","Ottawa, Toronto, Montreal, Waterloo, Remote - Americas",Engineering Internships (Winter 2025),Dannny-Babs/Canadian-Tech-Internships-2025,Open ✅
[Super](https://jobs.lever.co/super-com?location=Toronto),[Super](https://jobs.lever.co/super-com?location=Toronto),"September,2024","Toronto & Waterloo, Remote",4 Tech Internships across different teams (Winter 2025),Dannny-Babs/Canadian-Tech-Internships-2025,Open ✅
[Sentry](https://boards.greenhouse.io/sentry/jobs/6145601?gh_src=b463ec651us&source=LinkedIn),[Sentry](https://boards.greenhouse.io/sentry/jobs/6145601?gh_src=b463ec651us&source=LinkedIn),"August, 2024","Toronto, ON",Software Engineer Intern (Summer 2025),Dannny-Babs/Canadian-Tech-Internships-2025,Open ✅
[Cambio Earth Systems](https://bgcengineering.bamboohr.com/careers/361),[Cambio Earth Systems](https://bgcengineering.bamboohr.com/careers/361),Date Posted Unknown 🔐👀,"Vancouver, BC (Hybrid)",Test Automation Developer Co-op (8 Months),Dannny-Babs/Canadian-Tech-Internships-2025,Open ✅
[Konrad](https://www.konrad.com/careers/job/ui-ux-design-intern-may-2025-4-months_5997773003),[Konrad](https://www.konrad.com/careers/job/ui-ux-design-intern-may-2025-4-months_5997773003),Date Posted Unknown🔐👀,"Toronto, ON",UI/UX Design Intern - May 2025 (4 months),Dannny-Babs/Canadian-Tech-Internships-2025,Open ✅
[Konrad](https://www.konrad.com/careers/job/software-developer-intern-may-2025-4-months_5997801003),[Konrad](https://www.konrad.com/careers/job/software-developer-intern-may-2025-4-months_5997801003),Date Posted Unknown 🔐👀,"Toronto, ON",Software Developer Intern - May 2025 (4 months),Dannny-Babs/Canadian-Tech-Internships-2025,Open ✅
